model	args_model
Chip/OpenChrom/Cmyc/K562	model_files/wgEncodeOpenChromChipK562CmycAlnRep0_train_gS_11_3_1.model.txt
Chip/OpenChrom/Cmyc/Mcf7_Estro	model_files/wgEncodeOpenChromChipMcf7CmycEstroAlnRep0_train_gS_11_3_1.model.txt
Chip/OpenChrom/Cmyc/Mcf7_Veh	model_files/wgEncodeOpenChromChipMcf7CmycVehAlnRep0_train_gS_11_3_1.model.txt
Chip/OpenChrom/Ctcf/Fibrobl	model_files/wgEncodeOpenChromChipFibroblCtcfAlnRep0_train_gS_11_3_1.model.txt
Chip/OpenChrom/Ctcf/Gliobla	model_files/wgEncodeOpenChromChipGlioblaCtcfAlnRep0_train_gS_11_3_1.model.txt
Chip/OpenChrom/Ctcf/Gm12878	model_files/wgEncodeOpenChromChipGm12878CtcfAlnRep0_train_gS_11_3_1.model.txt
Chip/OpenChrom/Ctcf/Helas3	model_files/wgEncodeOpenChromChipHelas3CtcfAlnRep0_train_gS_11_3_1.model.txt
Chip/OpenChrom/Ctcf/Hepg2	model_files/wgEncodeOpenChromChipHepg2CtcfAlnRep0_train_gS_11_3_1.model.txt
Chip/OpenChrom/Ctcf/Huvec	model_files/wgEncodeOpenChromChipHuvecCtcfAlnRep0_train_gS_11_3_1.model.txt
Chip/OpenChrom/Ctcf/K562	model_files/wgEncodeOpenChromChipK562CtcfAlnRep0_train_gS_11_3_1.model.txt
Chip/OpenChrom/Ctcf/Mcf7	model_files/wgEncodeOpenChromChipMcf7CtcfAlnRep0_train_gS_11_3_1.model.txt
Chip/OpenChrom/Ctcf/Mcf7_Estro	model_files/wgEncodeOpenChromChipMcf7CtcfEstroAlnRep0_train_gS_11_3_1.model.txt
Chip/OpenChrom/Ctcf/Mcf7_Veh	model_files/wgEncodeOpenChromChipMcf7CtcfVehAlnRep0_train_gS_11_3_1.model.txt
Chip/OpenChrom/Ctcf/Progfib	model_files/wgEncodeOpenChromChipProgfibCtcfAlnRep0_train_gS_11_3_1.model.txt
Chip/OpenChrom/Pol2/Gliobla	model_files/wgEncodeOpenChromChipGlioblaPol2AlnRep0_train_gS_11_3_1.model.txt
Chip/OpenChrom/Pol2/Gm12878	model_files/wgEncodeOpenChromChipGm12878Pol2AlnRep0_train_gS_11_3_1.model.txt
Chip/OpenChrom/Pol2/Helas3	model_files/wgEncodeOpenChromChipHelas3Pol2AlnRep0_train_gS_11_3_1.model.txt
Chip/OpenChrom/Pol2/Hepg2	model_files/wgEncodeOpenChromChipHepg2Pol2AlnRep0_train_gS_11_3_1.model.txt
Chip/OpenChrom/Pol2/Huvec	model_files/wgEncodeOpenChromChipHuvecPol2AlnRep0_train_gS_11_3_1.model.txt
Chip/OpenChrom/Pol2/K562	model_files/wgEncodeOpenChromChipK562Pol2AlnRep0_train_gS_11_3_1.model.txt
Chip/OpenChrom/Pol2/Mcf7	model_files/wgEncodeOpenChromChipMcf7Pol2AlnRep0_train_gS_11_3_1.model.txt
Chip/OpenChrom/Pol2/Progfib	model_files/wgEncodeOpenChromChipProgfibPol2AlnRep0_train_gS_11_3_1.model.txt
Histone/Ctcf/Gm12878/Broad_Std	model_files/wgEncodeBroadHistoneGm12878CtcfStdAlnRep0_train_gS_11_3_1.model.txt
Histone/Ctcf/H1hesc/Broad_Std	model_files/wgEncodeBroadHistoneH1hescCtcfStdAlnRep0_train_gS_11_3_1.model.txt
Histone/Ctcf/Helas3/Broad_Std	model_files/wgEncodeBroadHistoneHelas3CtcfStdAlnRep0_train_gS_11_3_1.model.txt
Histone/Ctcf/Hepg2/Broad_Std	model_files/wgEncodeBroadHistoneHepg2CtcfStdAlnRep0_train_gS_11_3_1.model.txt
Histone/Ctcf/Hmec/Broad_Std	model_files/wgEncodeBroadHistoneHmecCtcfStdAlnRep0_train_gS_11_3_1.model.txt
Histone/Ctcf/Hsmm/Broad_Std	model_files/wgEncodeBroadHistoneHsmmCtcfStdAlnRep0_train_gS_11_3_1.model.txt
Histone/Ctcf/Hsmmt/Broad_Std	model_files/wgEncodeBroadHistoneHsmmtCtcfStdAlnRep0_train_gS_11_3_1.model.txt
Histone/Ctcf/Huvec/Broad_Std	model_files/wgEncodeBroadHistoneHuvecCtcfStdAlnRep0_train_gS_11_3_1.model.txt
Histone/Ctcf/K562/Broad_Std	model_files/wgEncodeBroadHistoneK562CtcfStdAlnRep0_train_gS_11_3_1.model.txt
Histone/Ctcf/Nha/Broad_Std	model_files/wgEncodeBroadHistoneNhaCtcfStdAlnRep0_train_gS_11_3_1.model.txt
Histone/Ctcf/Nhdfad/Broad_Std	model_files/wgEncodeBroadHistoneNhdfadCtcfStdAlnRep0_train_gS_11_3_1.model.txt
Histone/Ctcf/Nhek/Broad_Std	model_files/wgEncodeBroadHistoneNhekCtcfStdAlnRep0_train_gS_11_3_1.model.txt
Histone/Ctcf/Nhlf/Broad_Std	model_files/wgEncodeBroadHistoneNhlfCtcfStdAlnRep0_train_gS_11_3_1.model.txt
Histone/Ctcf/Osteobl/Broad_Std	model_files/wgEncodeBroadHistoneOsteoblCtcfStdAlnRep0_train_gS_11_3_1.model.txt
Histone/Pol2b/K562/Broad_Std	model_files/wgEncodeBroadHistoneK562Pol2bStdAlnRep0_train_gS_11_3_1.model.txt
Tfbs/Ap2alpha/Helas3/Sydh_Std	model_files/wgEncodeSydhTfbsHelas3Ap2alphaStdAlnRep0_train_gS_11_3_1.model.txt
Tfbs/Ap2gamma/Helas3/Sydh_Std	model_files/wgEncodeSydhTfbsHelas3Ap2gammaStdAlnRep0_train_gS_11_3_1.model.txt
Tfbs/Batf/Gm12878/Haib_Pcr1x	model_files/wgEncodeHaibTfbsGm12878BatfPcr1xAlnRep0_train_gS_11_3_1.model.txt
Tfbs/Bcl11a/Gm12878/Haib_Pcr1x	model_files/wgEncodeHaibTfbsGm12878Bcl11aPcr1xAlnRep0_train_gS_11_3_1.model.txt
Tfbs/Bcl3/Gm12878/Haib_Pcr1x	model_files/wgEncodeHaibTfbsGm12878Bcl3Pcr1xAlnRep0_train_gS_11_3_1.model.txt
Tfbs/Ccnt2/K562/Sydh_Std	model_files/wgEncodeSydhTfbsK562Ccnt2StdAlnRep0_train_gS_11_3_1.model.txt
Tfbs/Cebpb/Helas3/Sydh_Iggrab	model_files/wgEncodeSydhTfbsHelas3CebpbIggrabAlnRep0_train_gS_11_3_1.model.txt
Tfbs/Cebpb/Hepg2/Sydh_Forskln_Std	model_files/wgEncodeSydhTfbsHepg2CebpbForsklnStdAlnRep0_train_gS_11_3_1.model.txt
Tfbs/Cebpb/Hepg2/Sydh_Iggrab	model_files/wgEncodeSydhTfbsHepg2CebpbIggrabAlnRep0_train_gS_11_3_1.model.txt
Tfbs/Cebpb/K562/Sydh_Iggrab	model_files/wgEncodeSydhTfbsK562CebpbIggrabAlnRep0_train_gS_11_3_1.model.txt
Tfbs/Cfos/Helas3/Sydh_Std	model_files/wgEncodeSydhTfbsHelas3CfosStdAlnRep0_train_gS_11_3_1.model.txt
Tfbs/Cfos/Huvec/Sydh_Ucd	model_files/wgEncodeSydhTfbsHuvecCfosUcdAlnRep0_train_gS_11_3_1.model.txt
Tfbs/Chd21250/K562/Sydh_Iggrab	model_files/wgEncodeSydhTfbsK562Chd21250IggrabAlnRep0_train_gS_11_3_1.model.txt
Tfbs/Cjun/Helas3/Sydh_Iggrab	model_files/wgEncodeSydhTfbsHelas3CjunIggrabAlnRep0_train_gS_11_3_1.model.txt
Tfbs/Cjun/Hepg2/Sydh_Iggrab	model_files/wgEncodeSydhTfbsHepg2CjunIggrabAlnRep0_train_gS_11_3_1.model.txt
Tfbs/Cjun/Huvec/Sydh_Std	model_files/wgEncodeSydhTfbsHuvecCjunStdAlnRep0_train_gS_11_3_1.model.txt
Tfbs/Cjun/K562/Sydh_Ifng30_Std	model_files/wgEncodeSydhTfbsK562CjunIfng30StdAlnRep0_train_gS_11_3_1.model.txt
Tfbs/Cjun/K562/Sydh_Std	model_files/wgEncodeSydhTfbsK562CjunStdAlnRep0_train_gS_11_3_1.model.txt
Tfbs/Cmyc/K562/Sydh_Ifna6h_Std	model_files/wgEncodeSydhTfbsK562CmycIfna6hStdAlnRep0_train_gS_11_3_1.model.txt
Tfbs/Cmyc/K562/Sydh_Ifng30_Std	model_files/wgEncodeSydhTfbsK562CmycIfng30StdAlnRep0_train_gS_11_3_1.model.txt
Tfbs/Cmyc/K562/Sydh_Ifng6h_Std	model_files/wgEncodeSydhTfbsK562CmycIfng6hStdAlnRep0_train_gS_11_3_1.model.txt
Tfbs/Cmyc/Nb4/Sydh_Std	model_files/wgEncodeSydhTfbsNb4CmycStdAlnRep0_train_gS_11_3_1.model.txt
Tfbs/Ctcf/A549/Haib_Pcr1x_Dexa	model_files/wgEncodeHaibTfbsA549CtcfPcr1xDexaAlnRep0_train_gS_11_3_1.model.txt
Tfbs/Ctcf/A549/Haib_Pcr1x_Etoh02	model_files/wgEncodeHaibTfbsA549CtcfPcr1xEtoh02AlnRep0_train_gS_11_3_1.model.txt
Tfbs/Ctcf/Ag04449/Uw_Std	model_files/wgEncodeUwTfbsAg04449CtcfStdAlnRep0_train_gS_11_3_1.model.txt
Tfbs/Ctcf/Ag04450/Uw_Std	model_files/wgEncodeUwTfbsAg04450CtcfStdAlnRep1_train_gS_11_3_1.model.txt
Tfbs/Ctcf/Ag09309/Uw_Std	model_files/wgEncodeUwTfbsAg09309CtcfStdAlnRep0_train_gS_11_3_1.model.txt
Tfbs/Ctcf/Ag09319/Uw_Std	model_files/wgEncodeUwTfbsAg09319CtcfStdAlnRep0_train_gS_11_3_1.model.txt
Tfbs/Ctcf/Ag10803/Uw_Std	model_files/wgEncodeUwTfbsAg10803CtcfStdAlnRep0_train_gS_11_3_1.model.txt
Tfbs/Ctcf/Aoaf/Uw_Std	model_files/wgEncodeUwTfbsAoafCtcfStdAlnRep0_train_gS_11_3_1.model.txt
Tfbs/Ctcf/Bj/Uw_Std	model_files/wgEncodeUwTfbsBjCtcfStdAlnRep0_train_gS_11_3_1.model.txt
Tfbs/Ctcf/Caco2/Uw_Std	model_files/wgEncodeUwTfbsCaco2CtcfStdAlnRep0_train_gS_11_3_1.model.txt
Tfbs/Ctcf/Gm06990/Uw_Std	model_files/wgEncodeUwTfbsGm06990CtcfStdAlnRep0_train_gS_11_3_1.model.txt
Tfbs/Ctcf/Gm12864/Uw_Std	model_files/wgEncodeUwTfbsGm12864CtcfStdAlnRep0_train_gS_11_3_1.model.txt
Tfbs/Ctcf/Gm12865/Uw_Std	model_files/wgEncodeUwTfbsGm12865CtcfStdAlnRep0_train_gS_11_3_1.model.txt
Tfbs/Ctcf/Gm12872/Uw_Std	model_files/wgEncodeUwTfbsGm12872CtcfStdAlnRep0_train_gS_11_3_1.model.txt
Tfbs/Ctcf/Gm12873/Uw_Std	model_files/wgEncodeUwTfbsGm12873CtcfStdAlnRep0_train_gS_11_3_1.model.txt
Tfbs/Ctcf/Gm12874/Uw_Std	model_files/wgEncodeUwTfbsGm12874CtcfStdAlnRep0_train_gS_11_3_1.model.txt
Tfbs/Ctcf/Gm12875/Uw_Std	model_files/wgEncodeUwTfbsGm12875CtcfStdAlnRep0_train_gS_11_3_1.model.txt
Tfbs/Ctcf/Gm12878/Uw_Std	model_files/wgEncodeUwTfbsGm12878CtcfStdAlnRep0_train_gS_11_3_1.model.txt
Tfbs/Ctcf/Hasp/Uw_Std	model_files/wgEncodeUwTfbsHaspCtcfStdAlnRep1_train_gS_11_3_1.model.txt
Tfbs/Ctcf/Hbmec/Uw_Std	model_files/wgEncodeUwTfbsHbmecCtcfStdAlnRep0_train_gS_11_3_1.model.txt
Tfbs/Ctcf/Hcfaa/Uw_Std	model_files/wgEncodeUwTfbsHcfaaCtcfStdAlnRep1_train_gS_11_3_1.model.txt
Tfbs/Ctcf/Hcpe/Uw_Std	model_files/wgEncodeUwTfbsHcpeCtcfStdAlnRep0_train_gS_11_3_1.model.txt
Tfbs/Ctcf/Hee/Uw_Std	model_files/wgEncodeUwTfbsHeeCtcfStdAlnRep0_train_gS_11_3_1.model.txt
Tfbs/Ctcf/Hek293/Uw_Std	model_files/wgEncodeUwTfbsHek293CtcfStdAlnRep0_train_gS_11_3_1.model.txt
Tfbs/Ctcf/Helas3/Uw_Std	model_files/wgEncodeUwTfbsHelas3CtcfStdAlnRep0_train_gS_11_3_1.model.txt
Tfbs/Ctcf/Hepg2/Haib_V0416101	model_files/wgEncodeHaibTfbsHepg2CtcfV0416101AlnRep0_train_gS_11_3_1.model.txt
Tfbs/Ctcf/Hepg2/Uw_Std	model_files/wgEncodeUwTfbsHepg2CtcfStdAlnRep0_train_gS_11_3_1.model.txt
Tfbs/Ctcf/Hl60/Uw_Std	model_files/wgEncodeUwTfbsHl60CtcfStdAlnRep1_train_gS_11_3_1.model.txt
Tfbs/Ctcf/Hmec/Uw_Std	model_files/wgEncodeUwTfbsHmecCtcfStdAlnRep1_train_gS_11_3_1.model.txt
Tfbs/Ctcf/Hmf/Uw_Std	model_files/wgEncodeUwTfbsHmfCtcfStdAlnRep0_train_gS_11_3_1.model.txt
Tfbs/Ctcf/Hpaf/Uw_Std	model_files/wgEncodeUwTfbsHpafCtcfStdAlnRep0_train_gS_11_3_1.model.txt
Tfbs/Ctcf/Hpf/Uw_Std	model_files/wgEncodeUwTfbsHpfCtcfStdAlnRep0_train_gS_11_3_1.model.txt
Tfbs/Ctcf/Hre/Uw_Std	model_files/wgEncodeUwTfbsHreCtcfStdAlnRep0_train_gS_11_3_1.model.txt
Tfbs/Ctcf/Hrpe/Uw_Std	model_files/wgEncodeUwTfbsHrpeCtcfStdAlnRep1_train_gS_11_3_1.model.txt
Tfbs/Ctcf/Huvec/Uw_Std	model_files/wgEncodeUwTfbsHuvecCtcfStdAlnRep0_train_gS_11_3_1.model.txt
Tfbs/Ctcf/K562/Uw_Std	model_files/wgEncodeUwTfbsK562CtcfStdAlnRep0_train_gS_11_3_1.model.txt
Tfbs/Ctcf/Nhek/Uw_Std	model_files/wgEncodeUwTfbsNhekCtcfStdAlnRep0_train_gS_11_3_1.model.txt
Tfbs/Ctcf/Saec/Uw_Std	model_files/wgEncodeUwTfbsSaecCtcfStdAlnRep0_train_gS_11_3_1.model.txt
Tfbs/Ctcf/Sknshra/Haib_V0416102	model_files/wgEncodeHaibTfbsSknshraCtcfV0416102AlnRep0_train_gS_11_3_1.model.txt
Tfbs/Ctcf/Sknshra/Uw_Std	model_files/wgEncodeUwTfbsSknshraCtcfStdAlnRep0_train_gS_11_3_1.model.txt
Tfbs/Ctcf/Werirb1/Uw_Std	model_files/wgEncodeUwTfbsWerirb1CtcfStdAlnRep0_train_gS_11_3_1.model.txt
Tfbs/Ctcfc20/Gm12878/Sydh_Std	model_files/wgEncodeSydhTfbsGm12878Ctcfc20StdAlnRep0_train_gS_11_3_1.model.txt
Tfbs/Ctcflsc98982/K562/Haib_V0416101	model_files/wgEncodeHaibTfbsK562Ctcflsc98982V0416101AlnRep0_train_gS_11_3_1.model.txt
Tfbs/Ctcfsc5916/H1hesc/Haib_V0416102	model_files/wgEncodeHaibTfbsH1hescCtcfsc5916V0416102AlnRep0_train_gS_11_3_1.model.txt
Tfbs/Ctcfsc5916/T47d/Haib_V0416102_Dmso2	model_files/wgEncodeHaibTfbsT47dCtcfsc5916V0416102Dmso2AlnRep0_train_gS_11_3_1.model.txt
Tfbs/E2f6/K562b/Sydh_Ucd	model_files/wgEncodeSydhTfbsK562bE2f6UcdAlnRep0_train_gS_11_3_1.model.txt
Tfbs/E2f6h50/K562/Haib_V0416102	model_files/wgEncodeHaibTfbsK562E2f6h50V0416102AlnRep0_train_gS_11_3_1.model.txt
Tfbs/Ebf/Gm12878/Haib_Pcr1x	model_files/wgEncodeHaibTfbsGm12878EbfPcr1xAlnRep0_train_gS_11_3_1.model.txt
Tfbs/Ebf/Gm12878/Sydh_Std	model_files/wgEncodeSydhTfbsGm12878EbfStdAlnRep0_train_gS_11_3_1.model.txt
Tfbs/Ebf1c8/Gm12878/Haib_Pcr1x	model_files/wgEncodeHaibTfbsGm12878Ebf1c8Pcr1xAlnRep0_train_gS_11_3_1.model.txt
Tfbs/Efos/K562/Uchicago_Control	model_files/wgEncodeUchicagoTfbsK562EfosControlAlnRep0_train_gS_11_3_1.model.txt
Tfbs/Egata2/K562/Uchicago_Control	model_files/wgEncodeUchicagoTfbsK562Egata2ControlAlnRep0_train_gS_11_3_1.model.txt
Tfbs/Egr1/Gm12878/Haib_V0416101	model_files/wgEncodeHaibTfbsGm12878Egr1V0416101AlnRep0_train_gS_11_3_1.model.txt
Tfbs/Egr1/K562/Haib_V0416101	model_files/wgEncodeHaibTfbsK562Egr1V0416101AlnRep0_train_gS_11_3_1.model.txt
Tfbs/Ejunb/K562/Uchicago_Control	model_files/wgEncodeUchicagoTfbsK562EjunbControlAlnRep0_train_gS_11_3_1.model.txt
Tfbs/Ejund/K562/Uchicago_Control	model_files/wgEncodeUchicagoTfbsK562EjundControlAlnRep0_train_gS_11_3_1.model.txt
Tfbs/Elf1sc631/Gm12878/Haib_V0416101	model_files/wgEncodeHaibTfbsGm12878Elf1sc631V0416101AlnRep0_train_gS_11_3_1.model.txt
Tfbs/Elf1sc631/Hepg2/Haib_V0416101	model_files/wgEncodeHaibTfbsHepg2Elf1sc631V0416101AlnRep0_train_gS_11_3_1.model.txt
Tfbs/Elf1sc631/K562/Haib_V0416102	model_files/wgEncodeHaibTfbsK562Elf1sc631V0416102AlnRep0_train_gS_11_3_1.model.txt
Tfbs/Eralphaa/Ecc1/Haib_V0416102_Estradia1h	model_files/wgEncodeHaibTfbsEcc1EralphaaV0416102Estradia1hAlnRep0_train_gS_11_3_1.model.txt
Tfbs/Eralphaa/Ecc1/Haib_V0416102_Gen1h	model_files/wgEncodeHaibTfbsEcc1EralphaaV0416102Gen1hAlnRep0_train_gS_11_3_1.model.txt
Tfbs/Eralphaa/T47d/Haib_Pcr2x_Gen1h	model_files/wgEncodeHaibTfbsT47dEralphaaPcr2xGen1hAlnRep0_train_gS_11_3_1.model.txt
Tfbs/Eralphaa/T47d/Haib_V0416102_Estradia1h	model_files/wgEncodeHaibTfbsT47dEralphaaV0416102Estradia1hAlnRep0_train_gS_11_3_1.model.txt
Tfbs/Ets1/K562/Haib_V0416101	model_files/wgEncodeHaibTfbsK562Ets1V0416101AlnRep0_train_gS_11_3_1.model.txt
Tfbs/Fosl1sc183/K562/Haib_V0416101	model_files/wgEncodeHaibTfbsK562Fosl1sc183V0416101AlnRep0_train_gS_11_3_1.model.txt
Tfbs/Fosl2/Hepg2/Haib_Pcr1x	model_files/wgEncodeHaibTfbsHepg2Fosl2Pcr1xAlnRep0_train_gS_11_3_1.model.txt
Tfbs/Foxa1c20/Hepg2/Haib_Pcr1x	model_files/wgEncodeHaibTfbsHepg2Foxa1c20Pcr1xAlnRep0_train_gS_11_3_1.model.txt
Tfbs/Foxa1c20/T47d/Haib_V0416102_Dmso2	model_files/wgEncodeHaibTfbsT47dFoxa1c20V0416102Dmso2AlnRep0_train_gS_11_3_1.model.txt
Tfbs/Foxa1sc101058/Hepg2/Haib_Pcr1x	model_files/wgEncodeHaibTfbsHepg2Foxa1sc101058Pcr1xAlnRep0_train_gS_11_3_1.model.txt
Tfbs/Foxa2sc6554/Hepg2/Haib_V0416101	model_files/wgEncodeHaibTfbsHepg2Foxa2sc6554V0416101AlnRep0_train_gS_11_3_1.model.txt
Tfbs/Gabp/Hepg2/Haib_Pcr2x	model_files/wgEncodeHaibTfbsHepg2GabpPcr2xAlnRep0_train_gS_11_3_1.model.txt
Tfbs/Gabp/K562/Haib_V0416101	model_files/wgEncodeHaibTfbsK562GabpV0416101AlnRep0_train_gS_11_3_1.model.txt
Tfbs/Gata1/Pbde/Sydh_Ucd	model_files/wgEncodeSydhTfbsPbdeGata1UcdAlnRep0_train_gS_11_3_1.model.txt
Tfbs/Gata2/Huvec/Sydh_Ucd	model_files/wgEncodeSydhTfbsHuvecGata2UcdAlnRep0_train_gS_11_3_1.model.txt
Tfbs/Gata2/K562b/Sydh_Ucd	model_files/wgEncodeSydhTfbsK562bGata2UcdAlnRep0_train_gS_11_3_1.model.txt
Tfbs/Gata2/Shsy5y/Sydh_Ucd	model_files/wgEncodeSydhTfbsShsy5yGata2UcdAlnRep0_train_gS_11_3_1.model.txt
Tfbs/Gata2cg2/K562/Haib_Pcr1x	model_files/wgEncodeHaibTfbsK562Gata2cg2Pcr1xAlnRep0_train_gS_11_3_1.model.txt
Tfbs/Gata3sc268/T47d/Haib_V0416102_Dmso2	model_files/wgEncodeHaibTfbsT47dGata3sc268V0416102Dmso2AlnRep0_train_gS_11_3_1.model.txt
Tfbs/Gr/A549/Haib_Pcr1x_Dexb	model_files/wgEncodeHaibTfbsA549GrPcr1xDexbAlnRep0_train_gS_11_3_1.model.txt
Tfbs/Gr/A549/Haib_Pcr1x_Dexc	model_files/wgEncodeHaibTfbsA549GrPcr1xDexcAlnRep0_train_gS_11_3_1.model.txt
Tfbs/Gr/A549/Haib_Pcr2x_Dexa	model_files/wgEncodeHaibTfbsA549GrPcr2xDexaAlnRep0_train_gS_11_3_1.model.txt
Tfbs/Gr/Ecc1/Haib_V0416102_Dexa	model_files/wgEncodeHaibTfbsEcc1GrV0416102DexaAlnRep0_train_gS_11_3_1.model.txt
Tfbs/Gtf2f1rap/Helas3/Sydh_Iggrab	model_files/wgEncodeSydhTfbsHelas3Gtf2f1rapIggrabAlnRep0_train_gS_11_3_1.model.txt
Tfbs/Hae2f1/Helas3/Sydh_Std	model_files/wgEncodeSydhTfbsHelas3Hae2f1StdAlnRep0_train_gS_11_3_1.model.txt
Tfbs/Hae2f1/Mcf7/Sydh_Ucd	model_files/wgEncodeSydhTfbsMcf7Hae2f1UcdAlnRep0_train_gS_11_3_1.model.txt
Tfbs/Hdac2sc6296/Hepg2/Haib_V0416101	model_files/wgEncodeHaibTfbsHepg2Hdac2sc6296V0416101AlnRep0_train_gS_11_3_1.model.txt
Tfbs/Hdac2sc6296/K562/Haib_V0416102	model_files/wgEncodeHaibTfbsK562Hdac2sc6296V0416102AlnRep0_train_gS_11_3_1.model.txt
Tfbs/Hey1/Hepg2/Haib_V0416101	model_files/wgEncodeHaibTfbsHepg2Hey1V0416101AlnRep0_train_gS_11_3_1.model.txt
Tfbs/Hey1/K562/Haib_Pcr1x	model_files/wgEncodeHaibTfbsK562Hey1Pcr1xAlnRep0_train_gS_11_3_1.model.txt
Tfbs/Hmgn3/K562/Sydh_Std	model_files/wgEncodeSydhTfbsK562Hmgn3StdAlnRep0_train_gS_11_3_1.model.txt
Tfbs/Hnf4a/Hepg2/Sydh_Forskln_Std	model_files/wgEncodeSydhTfbsHepg2Hnf4aForsklnStdAlnRep0_train_gS_11_3_1.model.txt
Tfbs/Hnf4ah171/Hepg2/Haib_Pcr1x	model_files/wgEncodeHaibTfbsHepg2Hnf4ah171Pcr1xAlnRep0_train_gS_11_3_1.model.txt
Tfbs/Hnf4gsc6558/Hepg2/Haib_V0416101	model_files/wgEncodeHaibTfbsHepg2Hnf4gsc6558V0416101AlnRep0_train_gS_11_3_1.model.txt
Tfbs/Irf1/K562/Sydh_Ifng6h_Std	model_files/wgEncodeSydhTfbsK562Irf1Ifng6hStdAlnRep0_train_gS_11_3_1.model.txt
Tfbs/Irf4/Gm12878/Haib_Pcr1x	model_files/wgEncodeHaibTfbsGm12878Irf4Pcr1xAlnRep0_train_gS_11_3_1.model.txt
Tfbs/Irf4m17/Gm12878/Haib_Pcr1x	model_files/wgEncodeHaibTfbsGm12878Irf4m17Pcr1xAlnRep0_train_gS_11_3_1.model.txt
Tfbs/Jund/H1hesc/Haib_V0416102	model_files/wgEncodeHaibTfbsH1hescJundV0416102AlnRep0_train_gS_11_3_1.model.txt
Tfbs/Jund/Helas3/Sydh_Iggrab	model_files/wgEncodeSydhTfbsHelas3JundIggrabAlnRep0_train_gS_11_3_1.model.txt
Tfbs/Jund/Hepg2/Haib_Pcr1x	model_files/wgEncodeHaibTfbsHepg2JundPcr1xAlnRep0_train_gS_11_3_1.model.txt
Tfbs/Jund/Hepg2/Sydh_Iggrab	model_files/wgEncodeSydhTfbsHepg2JundIggrabAlnRep0_train_gS_11_3_1.model.txt
Tfbs/Kap1/Hek293b/Sydh_Ucd	model_files/wgEncodeSydhTfbsHek293bKap1UcdAlnRep0_train_gS_11_3_1.model.txt
Tfbs/Kap1/U2os/Sydh_Ucd	model_files/wgEncodeSydhTfbsU2osKap1UcdAlnRep0_train_gS_11_3_1.model.txt
Tfbs/Maffm8194/Hepg2/Sydh_Iggrab	model_files/wgEncodeSydhTfbsHepg2Maffm8194IggrabAlnRep0_train_gS_11_3_1.model.txt
Tfbs/Mafkab50322/Hepg2/Sydh_Iggrab	model_files/wgEncodeSydhTfbsHepg2Mafkab50322IggrabAlnRep0_train_gS_11_3_1.model.txt
Tfbs/Mafkab50322/K562/Sydh_Iggrab	model_files/wgEncodeSydhTfbsK562Mafkab50322IggrabAlnRep0_train_gS_11_3_1.model.txt
Tfbs/Mafksc477/Hepg2/Sydh_Iggrab	model_files/wgEncodeSydhTfbsHepg2Mafksc477IggrabAlnRep0_train_gS_11_3_1.model.txt
Tfbs/Max/H1hesc/Sydh_Ucd	model_files/wgEncodeSydhTfbsH1hescMaxUcdAlnRep0_train_gS_11_3_1.model.txt
Tfbs/Max/Helas3/Sydh_Std	model_files/wgEncodeSydhTfbsHelas3MaxStdAlnRep0_train_gS_11_3_1.model.txt
Tfbs/Max/Huvec/Sydh_Std	model_files/wgEncodeSydhTfbsHuvecMaxStdAlnRep0_train_gS_11_3_1.model.txt
Tfbs/Max/K562/Haib_V0416102	model_files/wgEncodeHaibTfbsK562MaxV0416102AlnRep0_train_gS_11_3_1.model.txt
Tfbs/Max/Nb4/Sydh_Std	model_files/wgEncodeSydhTfbsNb4MaxStdAlnRep0_train_gS_11_3_1.model.txt
Tfbs/Mef2a/Gm12878/Haib_Pcr1x	model_files/wgEncodeHaibTfbsGm12878Mef2aPcr1xAlnRep0_train_gS_11_3_1.model.txt
Tfbs/Mef2csc13268/Gm12878/Haib_Pcr1x	model_files/wgEncodeHaibTfbsGm12878Mef2csc13268Pcr1xAlnRep0_train_gS_11_3_1.model.txt
Tfbs/Mxi1bhlh/Helas3/Sydh_Iggrab	model_files/wgEncodeSydhTfbsHelas3Mxi1bhlhIggrabAlnRep0_train_gS_11_3_1.model.txt
Tfbs/Nanogsc33759/H1hesc/Haib_V0416102	model_files/wgEncodeHaibTfbsH1hescNanogsc33759V0416102AlnRep0_train_gS_11_3_1.model.txt
Tfbs/Nfkb/Gm12878/Sydh_Iggrab	model_files/wgEncodeSydhTfbsGm12878NfkbIggrabAlnRep0_train_gS_11_3_1.model.txt
Tfbs/Nfkb/Gm12878/Sydh_Tnfa_Std	model_files/wgEncodeSydhTfbsGm12878NfkbTnfaStdAlnRep0_train_gS_11_3_1.model.txt
Tfbs/Nfkb/Gm12891/Sydh_Iggrab	model_files/wgEncodeSydhTfbsGm12891NfkbIggrabAlnRep0_train_gS_11_3_1.model.txt
Tfbs/Nfkb/Gm15510/Sydh_Iggrab	model_files/wgEncodeSydhTfbsGm15510NfkbIggrabAlnRep0_train_gS_11_3_1.model.txt
Tfbs/Nfkb/Gm18505/Sydh_Iggrab	model_files/wgEncodeSydhTfbsGm18505NfkbIggrabAlnRep0_train_gS_11_3_1.model.txt
Tfbs/Nfkb/Gm18951/Sydh_Iggrab	model_files/wgEncodeSydhTfbsGm18951NfkbIggrabAlnRep0_train_gS_11_3_1.model.txt
Tfbs/Nfya/K562/Sydh_Std	model_files/wgEncodeSydhTfbsK562NfyaStdAlnRep0_train_gS_11_3_1.model.txt
Tfbs/Nfyb/K562/Sydh_Std	model_files/wgEncodeSydhTfbsK562NfybStdAlnRep0_train_gS_11_3_1.model.txt
Tfbs/Nrsf/H1hesc/Haib_Pcr1x	model_files/wgEncodeHaibTfbsH1hescNrsfPcr1xAlnRep0_train_gS_11_3_1.model.txt
Tfbs/Nrsf/H1hesc/Haib_V0416102	model_files/wgEncodeHaibTfbsH1hescNrsfV0416102AlnRep0_train_gS_11_3_1.model.txt
Tfbs/Nrsf/Helas3/Haib_Pcr1x	model_files/wgEncodeHaibTfbsHelas3NrsfPcr1xAlnRep0_train_gS_11_3_1.model.txt
Tfbs/Nrsf/Htb11/Haib_Pcr2x	model_files/wgEncodeHaibTfbsHtb11NrsfPcr2xAlnRep0_train_gS_11_3_1.model.txt
Tfbs/Nrsf/K562/Haib_V0416102	model_files/wgEncodeHaibTfbsK562NrsfV0416102AlnRep0_train_gS_11_3_1.model.txt
Tfbs/Oct2/Gm12878/Haib_Pcr1x	model_files/wgEncodeHaibTfbsGm12878Oct2Pcr1xAlnRep0_train_gS_11_3_1.model.txt
Tfbs/Oct2/Gm12891/Haib_Pcr1x	model_files/wgEncodeHaibTfbsGm12891Oct2Pcr1xAlnRep0_train_gS_11_3_1.model.txt
Tfbs/P300/Hepg2/Haib_Pcr1x	model_files/wgEncodeHaibTfbsHepg2P300Pcr1xAlnRep0_train_gS_11_3_1.model.txt
Tfbs/P300/Hepg2/Haib_V0416101	model_files/wgEncodeHaibTfbsHepg2P300V0416101AlnRep0_train_gS_11_3_1.model.txt
Tfbs/P300/Sknshra/Haib_V0416102	model_files/wgEncodeHaibTfbsSknshraP300V0416102AlnRep0_train_gS_11_3_1.model.txt
Tfbs/P300/T47d/Haib_V0416102_Dmso2	model_files/wgEncodeHaibTfbsT47dP300V0416102Dmso2AlnRep0_train_gS_11_3_1.model.txt
Tfbs/P300n15/Helas3/Sydh_Iggrab	model_files/wgEncodeSydhTfbsHelas3P300n15IggrabAlnRep0_train_gS_11_3_1.model.txt
Tfbs/Pax5c20/Gm12878/Haib_Pcr1x	model_files/wgEncodeHaibTfbsGm12878Pax5c20Pcr1xAlnRep0_train_gS_11_3_1.model.txt
Tfbs/Pax5c20/Gm12892/Haib_Pcr1x	model_files/wgEncodeHaibTfbsGm12892Pax5c20Pcr1xAlnRep0_train_gS_11_3_1.model.txt
Tfbs/Pax5n19/Gm12878/Haib_Pcr1x	model_files/wgEncodeHaibTfbsGm12878Pax5n19Pcr1xAlnRep0_train_gS_11_3_1.model.txt
Tfbs/Pbx3/Gm12878/Haib_Pcr1x	model_files/wgEncodeHaibTfbsGm12878Pbx3Pcr1xAlnRep0_train_gS_11_3_1.model.txt
Tfbs/Pol2/A549/Haib_Pcr2x_Dexa	model_files/wgEncodeHaibTfbsA549Pol2Pcr2xDexaAlnRep0_train_gS_11_3_1.model.txt
Tfbs/Pol2/A549/Haib_Pcr2x_Etoh02	model_files/wgEncodeHaibTfbsA549Pol2Pcr2xEtoh02AlnRep0_train_gS_11_3_1.model.txt
Tfbs/Pol2/Ecc1/Haib_V0416102_Dmso2	model_files/wgEncodeHaibTfbsEcc1Pol2V0416102Dmso2AlnRep0_train_gS_11_3_1.model.txt
Tfbs/Pol2/Gm10847/Sydh_Iggmus	model_files/wgEncodeSydhTfbsGm10847Pol2IggmusAlnRep1_train_gS_11_3_1.model.txt
Tfbs/Pol2/Gm12878/Haib_Pcr2x	model_files/wgEncodeHaibTfbsGm12878Pol2Pcr2xAlnRep0_train_gS_11_3_1.model.txt
Tfbs/Pol2/Gm12878/Sydh_Iggmus	model_files/wgEncodeSydhTfbsGm12878Pol2IggmusAlnRep0_train_gS_11_3_1.model.txt
Tfbs/Pol2/Gm12878/Sydh_Std	model_files/wgEncodeSydhTfbsGm12878Pol2StdAlnRep0_train_gS_11_3_1.model.txt
Tfbs/Pol2/Gm12891/Haib_Pcr1x	model_files/wgEncodeHaibTfbsGm12891Pol2Pcr1xAlnRep0_train_gS_11_3_1.model.txt
Tfbs/Pol2/Gm12891/Sydh_Iggmus	model_files/wgEncodeSydhTfbsGm12891Pol2IggmusAlnRep0_train_gS_11_3_1.model.txt
Tfbs/Pol2/Gm12892/Haib_Pcr1x	model_files/wgEncodeHaibTfbsGm12892Pol2Pcr1xAlnRep0_train_gS_11_3_1.model.txt
Tfbs/Pol2/Gm12892/Haib_V0416102	model_files/wgEncodeHaibTfbsGm12892Pol2V0416102AlnRep0_train_gS_11_3_1.model.txt
Tfbs/Pol2/Gm12892/Sydh_Iggmus	model_files/wgEncodeSydhTfbsGm12892Pol2IggmusAlnRep0_train_gS_11_3_1.model.txt
Tfbs/Pol2/Gm15510/Sydh_Iggmus	model_files/wgEncodeSydhTfbsGm15510Pol2IggmusAlnRep0_train_gS_11_3_1.model.txt
Tfbs/Pol2/Gm18505/Sydh_Iggmus	model_files/wgEncodeSydhTfbsGm18505Pol2IggmusAlnRep0_train_gS_11_3_1.model.txt
Tfbs/Pol2/Gm18526/Sydh_Iggmus	model_files/wgEncodeSydhTfbsGm18526Pol2IggmusAlnRep0_train_gS_11_3_1.model.txt
Tfbs/Pol2/Gm18951/Sydh_Iggmus	model_files/wgEncodeSydhTfbsGm18951Pol2IggmusAlnRep0_train_gS_11_3_1.model.txt
Tfbs/Pol2/Gm19099/Sydh_Iggmus	model_files/wgEncodeSydhTfbsGm19099Pol2IggmusAlnRep0_train_gS_11_3_1.model.txt
Tfbs/Pol2/Gm19193/Sydh_Iggmus	model_files/wgEncodeSydhTfbsGm19193Pol2IggmusAlnRep0_train_gS_11_3_1.model.txt
Tfbs/Pol2/H1hesc/Haib_Pcr1x	model_files/wgEncodeHaibTfbsH1hescPol2Pcr1xAlnRep0_train_gS_11_3_1.model.txt
Tfbs/Pol2/H1hesc/Haib_V0416102	model_files/wgEncodeHaibTfbsH1hescPol2V0416102AlnRep0_train_gS_11_3_1.model.txt
Tfbs/Pol2/Hct116/Sydh_Ucd	model_files/wgEncodeSydhTfbsHct116Pol2UcdAlnRep0_train_gS_11_3_1.model.txt
Tfbs/Pol2/Hek293b/Sydh_Std	model_files/wgEncodeSydhTfbsHek293bPol2StdAlnRep0_train_gS_11_3_1.model.txt
Tfbs/Pol2/Helas3/Haib_Pcr1x	model_files/wgEncodeHaibTfbsHelas3Pol2Pcr1xAlnRep0_train_gS_11_3_1.model.txt
Tfbs/Pol2/Helas3/Sydh_Std	model_files/wgEncodeSydhTfbsHelas3Pol2StdAlnRep0_train_gS_11_3_1.model.txt
Tfbs/Pol2/Hepg2/Haib_Pcr2x	model_files/wgEncodeHaibTfbsHepg2Pol2Pcr2xAlnRep0_train_gS_11_3_1.model.txt
Tfbs/Pol2/Hepg2/Sydh_Forskln_Std	model_files/wgEncodeSydhTfbsHepg2Pol2ForsklnStdAlnRep0_train_gS_11_3_1.model.txt
Tfbs/Pol2/Hepg2/Sydh_Iggrab	model_files/wgEncodeSydhTfbsHepg2Pol2IggrabAlnRep0_train_gS_11_3_1.model.txt
Tfbs/Pol2/Huvec/Sydh_Std	model_files/wgEncodeSydhTfbsHuvecPol2StdAlnRep0_train_gS_11_3_1.model.txt
Tfbs/Pol2/K562/Haib_V0416101	model_files/wgEncodeHaibTfbsK562Pol2V0416101AlnRep0_train_gS_11_3_1.model.txt
Tfbs/Pol2/K562/Sydh_Ifna30_Std	model_files/wgEncodeSydhTfbsK562Pol2Ifna30StdAlnRep0_train_gS_11_3_1.model.txt
Tfbs/Pol2/K562/Sydh_Ifna6h_Std	model_files/wgEncodeSydhTfbsK562Pol2Ifna6hStdAlnRep0_train_gS_11_3_1.model.txt
Tfbs/Pol2/K562/Sydh_Ifng30_Std	model_files/wgEncodeSydhTfbsK562Pol2Ifng30StdAlnRep0_train_gS_11_3_1.model.txt
Tfbs/Pol2/K562/Sydh_Ifng6h_Std	model_files/wgEncodeSydhTfbsK562Pol2Ifng6hStdAlnRep0_train_gS_11_3_1.model.txt
Tfbs/Pol2/K562/Sydh_Iggmus	model_files/wgEncodeSydhTfbsK562Pol2IggmusAlnRep0_train_gS_11_3_1.model.txt
Tfbs/Pol2/K562/Sydh_Std	model_files/wgEncodeSydhTfbsK562Pol2StdAlnRep0_train_gS_11_3_1.model.txt
Tfbs/Pol2/Mcf10aes/Sydh_Etoh01_Std	model_files/wgEncodeSydhTfbsMcf10aesPol2Etoh01StdAlnRep0_train_gS_11_3_1.model.txt
Tfbs/Pol2/Mcf10aes/Sydh_Tam_Std	model_files/wgEncodeSydhTfbsMcf10aesPol2TamStdAlnRep0_train_gS_11_3_1.model.txt
Tfbs/Pol2/Nb4/Sydh_Std	model_files/wgEncodeSydhTfbsNb4Pol2StdAlnRep0_train_gS_11_3_1.model.txt
Tfbs/Pol2/Pbde/Sydh_Ucd	model_files/wgEncodeSydhTfbsPbdePol2UcdAlnRep0_train_gS_11_3_1.model.txt
Tfbs/Pol2/Raji/Sydh_Ucd	model_files/wgEncodeSydhTfbsRajiPol2UcdAlnRep0_train_gS_11_3_1.model.txt
Tfbs/Pol24h8/Gm12878/Haib_Pcr1x	model_files/wgEncodeHaibTfbsGm12878Pol24h8Pcr1xAlnRep0_train_gS_11_3_1.model.txt
Tfbs/Pol24h8/Gm12891/Haib_Pcr1x	model_files/wgEncodeHaibTfbsGm12891Pol24h8Pcr1xAlnRep0_train_gS_11_3_1.model.txt
Tfbs/Pol24h8/Gm12892/Haib_Pcr1x	model_files/wgEncodeHaibTfbsGm12892Pol24h8Pcr1xAlnRep0_train_gS_11_3_1.model.txt
Tfbs/Pol24h8/Gm12892/Haib_V0416102	model_files/wgEncodeHaibTfbsGm12892Pol24h8V0416102AlnRep0_train_gS_11_3_1.model.txt
Tfbs/Pol24h8/H1hesc/Haib_Pcr1x	model_files/wgEncodeHaibTfbsH1hescPol24h8Pcr1xAlnRep0_train_gS_11_3_1.model.txt
Tfbs/Pol24h8/H1hesc/Haib_V0416102	model_files/wgEncodeHaibTfbsH1hescPol24h8V0416102AlnRep0_train_gS_11_3_1.model.txt
Tfbs/Pol24h8/Hct116/Haib_V0416101	model_files/wgEncodeHaibTfbsHct116Pol24h8V0416101AlnRep0_train_gS_11_3_1.model.txt
Tfbs/Pol24h8/K562/Haib_Pcr1x	model_files/wgEncodeHaibTfbsK562Pol24h8Pcr1xAlnRep0_train_gS_11_3_1.model.txt
Tfbs/Pol24h8/K562/Haib_V0416101	model_files/wgEncodeHaibTfbsK562Pol24h8V0416101AlnRep0_train_gS_11_3_1.model.txt
Tfbs/Pol2s2/Helas3/Sydh_Iggrab	model_files/wgEncodeSydhTfbsHelas3Pol2s2IggrabAlnRep0_train_gS_11_3_1.model.txt
Tfbs/Pou2f2/Gm12878/Haib_Pcr1x	model_files/wgEncodeHaibTfbsGm12878Pou2f2Pcr1xAlnRep0_train_gS_11_3_1.model.txt
Tfbs/Pou2f2/Gm12891/Haib_Pcr1x	model_files/wgEncodeHaibTfbsGm12891Pou2f2Pcr1xAlnRep0_train_gS_11_3_1.model.txt
Tfbs/Pu1/Gm12878/Haib_Pcr1x	model_files/wgEncodeHaibTfbsGm12878Pu1Pcr1xAlnRep0_train_gS_11_3_1.model.txt
Tfbs/Pu1/Gm12891/Haib_Pcr1x	model_files/wgEncodeHaibTfbsGm12891Pu1Pcr1xAlnRep0_train_gS_11_3_1.model.txt
Tfbs/Pu1/K562/Haib_Pcr1x	model_files/wgEncodeHaibTfbsK562Pu1Pcr1xAlnRep0_train_gS_11_3_1.model.txt
Tfbs/Rad21/Gm12878/Haib_V0416101	model_files/wgEncodeHaibTfbsGm12878Rad21V0416101AlnRep0_train_gS_11_3_1.model.txt
Tfbs/Rad21/Gm12878/Sydh_Iggrab	model_files/wgEncodeSydhTfbsGm12878Rad21IggrabAlnRep0_train_gS_11_3_1.model.txt
Tfbs/Rad21/H1hesc/Haib_V0416102	model_files/wgEncodeHaibTfbsH1hescRad21V0416102AlnRep0_train_gS_11_3_1.model.txt
Tfbs/Rad21/H1hesc/Sydh_Iggrab	model_files/wgEncodeSydhTfbsH1hescRad21IggrabAlnRep0_train_gS_11_3_1.model.txt
Tfbs/Rad21/Helas3/Sydh_Iggrab	model_files/wgEncodeSydhTfbsHelas3Rad21IggrabAlnRep0_train_gS_11_3_1.model.txt
Tfbs/Rad21/Hepg2/Haib_V0416101	model_files/wgEncodeHaibTfbsHepg2Rad21V0416101AlnRep0_train_gS_11_3_1.model.txt
Tfbs/Rad21/Hepg2/Sydh_Iggrab	model_files/wgEncodeSydhTfbsHepg2Rad21IggrabAlnRep0_train_gS_11_3_1.model.txt
Tfbs/Rad21/K562/Haib_V0416102	model_files/wgEncodeHaibTfbsK562Rad21V0416102AlnRep0_train_gS_11_3_1.model.txt
Tfbs/Rad21/K562/Sydh_Std	model_files/wgEncodeSydhTfbsK562Rad21StdAlnRep0_train_gS_11_3_1.model.txt
Tfbs/Rad21/Sknshra/Haib_V0416102	model_files/wgEncodeHaibTfbsSknshraRad21V0416102AlnRep0_train_gS_11_3_1.model.txt
Tfbs/Rfx5n494/Helas3/Sydh_Iggrab	model_files/wgEncodeSydhTfbsHelas3Rfx5n494IggrabAlnRep0_train_gS_11_3_1.model.txt
Tfbs/Rxra/Hepg2/Haib_Pcr1x	model_files/wgEncodeHaibTfbsHepg2RxraPcr1xAlnRep0_train_gS_11_3_1.model.txt
Tfbs/Setdb1/U2os/Sydh_Ucd	model_files/wgEncodeSydhTfbsU2osSetdb1UcdAlnRep0_train_gS_11_3_1.model.txt
Tfbs/Sin3ak20/Gm12878/Haib_Pcr1x	model_files/wgEncodeHaibTfbsGm12878Sin3ak20Pcr1xAlnRep0_train_gS_11_3_1.model.txt
Tfbs/Sin3ak20/Hepg2/Haib_Pcr1x	model_files/wgEncodeHaibTfbsHepg2Sin3ak20Pcr1xAlnRep0_train_gS_11_3_1.model.txt
Tfbs/Sin3ak20/K562/Haib_V0416101	model_files/wgEncodeHaibTfbsK562Sin3ak20V0416101AlnRep0_train_gS_11_3_1.model.txt
Tfbs/Smc3ab9263/Gm12878/Sydh_Iggmus	model_files/wgEncodeSydhTfbsGm12878Smc3ab9263IggmusAlnRep0_train_gS_11_3_1.model.txt
Tfbs/Smc3ab9263/Helas3/Sydh_Iggrab	model_files/wgEncodeSydhTfbsHelas3Smc3ab9263IggrabAlnRep0_train_gS_11_3_1.model.txt
Tfbs/Smc3ab9263/K562/Sydh_Iggrab	model_files/wgEncodeSydhTfbsK562Smc3ab9263IggrabAlnRep0_train_gS_11_3_1.model.txt
Tfbs/Sp1/Gm12878/Haib_Pcr1x	model_files/wgEncodeHaibTfbsGm12878Sp1Pcr1xAlnRep0_train_gS_11_3_1.model.txt
Tfbs/Sp1/H1hesc/Haib_Pcr1x	model_files/wgEncodeHaibTfbsH1hescSp1Pcr1xAlnRep0_train_gS_11_3_1.model.txt
Tfbs/Sp1/Hepg2/Haib_Pcr1x	model_files/wgEncodeHaibTfbsHepg2Sp1Pcr1xAlnRep0_train_gS_11_3_1.model.txt
Tfbs/Srf/Gm12878/Haib_V0416101	model_files/wgEncodeHaibTfbsGm12878SrfV0416101AlnRep0_train_gS_11_3_1.model.txt
Tfbs/Stat1/Helas3/Sydh_Ifng30_Std	model_files/wgEncodeSydhTfbsHelas3Stat1Ifng30StdAlnRep0_train_gS_11_3_1.model.txt
Tfbs/Stat3/Helas3/Sydh_Iggrab	model_files/wgEncodeSydhTfbsHelas3Stat3IggrabAlnRep0_train_gS_11_3_1.model.txt
Tfbs/Stat3/Mcf10aes/Sydh_Etoh01_Std	model_files/wgEncodeSydhTfbsMcf10aesStat3Etoh01StdAlnRep0_train_gS_11_3_1.model.txt
Tfbs/Stat3/Mcf10aes/Sydh_Etoh01b_Std	model_files/wgEncodeSydhTfbsMcf10aesStat3Etoh01bStdAlnRep0_train_gS_11_3_1.model.txt
Tfbs/Stat3/Mcf10aes/Sydh_Etoh01c_Std	model_files/wgEncodeSydhTfbsMcf10aesStat3Etoh01cStdAlnRep0_train_gS_11_3_1.model.txt
Tfbs/Stat3/Mcf10aes/Sydh_Tam_Std	model_files/wgEncodeSydhTfbsMcf10aesStat3TamStdAlnRep0_train_gS_11_3_1.model.txt
Tfbs/Taf1/Gm12891/Haib_Pcr1x	model_files/wgEncodeHaibTfbsGm12891Taf1Pcr1xAlnRep0_train_gS_11_3_1.model.txt
Tfbs/Taf1/Gm12892/Haib_Pcr1x	model_files/wgEncodeHaibTfbsGm12892Taf1Pcr1xAlnRep0_train_gS_11_3_1.model.txt
Tfbs/Taf1/Gm12892/Haib_V0416102	model_files/wgEncodeHaibTfbsGm12892Taf1V0416102AlnRep0_train_gS_11_3_1.model.txt
Tfbs/Taf1/H1hesc/Haib_Pcr1x	model_files/wgEncodeHaibTfbsH1hescTaf1Pcr1xAlnRep0_train_gS_11_3_1.model.txt
Tfbs/Taf1/H1hesc/Haib_V0416102	model_files/wgEncodeHaibTfbsH1hescTaf1V0416102AlnRep0_train_gS_11_3_1.model.txt
Tfbs/Taf1/Helas3/Haib_Pcr1x	model_files/wgEncodeHaibTfbsHelas3Taf1Pcr1xAlnRep0_train_gS_11_3_1.model.txt
Tfbs/Taf1/Hepg2/Haib_Pcr2x	model_files/wgEncodeHaibTfbsHepg2Taf1Pcr2xAlnRep0_train_gS_11_3_1.model.txt
Tfbs/Taf1/K562/Haib_Pcr1x	model_files/wgEncodeHaibTfbsK562Taf1Pcr1xAlnRep0_train_gS_11_3_1.model.txt
Tfbs/Taf1/K562/Haib_V0416101	model_files/wgEncodeHaibTfbsK562Taf1V0416101AlnRep0_train_gS_11_3_1.model.txt
Tfbs/Taf7sq8/H1hesc/Haib_V0416102	model_files/wgEncodeHaibTfbsH1hescTaf7sq8V0416102AlnRep0_train_gS_11_3_1.model.txt
Tfbs/Tal1sc12984/K562/Sydh_Iggmus	model_files/wgEncodeSydhTfbsK562Tal1sc12984IggmusAlnRep0_train_gS_11_3_1.model.txt
Tfbs/Tbp/Gm12878/Sydh_Iggmus	model_files/wgEncodeSydhTfbsGm12878TbpIggmusAlnRep0_train_gS_11_3_1.model.txt
Tfbs/Tbp/H1hesc/Sydh_Std	model_files/wgEncodeSydhTfbsH1hescTbpStdAlnRep0_train_gS_11_3_1.model.txt
Tfbs/Tbp/Helas3/Sydh_Iggrab	model_files/wgEncodeSydhTfbsHelas3TbpIggrabAlnRep0_train_gS_11_3_1.model.txt
Tfbs/Tbp/Hepg2/Sydh_Iggrab	model_files/wgEncodeSydhTfbsHepg2TbpIggrabAlnRep0_train_gS_11_3_1.model.txt
Tfbs/Tbp/K562/Sydh_Iggmus	model_files/wgEncodeSydhTfbsK562TbpIggmusAlnRep0_train_gS_11_3_1.model.txt
Tfbs/Tcf12/Gm12878/Haib_Pcr1x	model_files/wgEncodeHaibTfbsGm12878Tcf12Pcr1xAlnRep0_train_gS_11_3_1.model.txt
Tfbs/Tcf12/H1hesc/Haib_Pcr1x	model_files/wgEncodeHaibTfbsH1hescTcf12Pcr1xAlnRep0_train_gS_11_3_1.model.txt
Tfbs/Tcf4/Hct116/Sydh_Ucd	model_files/wgEncodeSydhTfbsHct116Tcf4UcdAlnRep0_train_gS_11_3_1.model.txt
Tfbs/Tcf4/Hepg2/Sydh_Ucd	model_files/wgEncodeSydhTfbsHepg2Tcf4UcdAlnRep0_train_gS_11_3_1.model.txt
Tfbs/Usf1/A549/Haib_Pcr1x_Dexa	model_files/wgEncodeHaibTfbsA549Usf1Pcr1xDexaAlnRep0_train_gS_11_3_1.model.txt
Tfbs/Usf1/A549/Haib_Pcr1x_Etoh02	model_files/wgEncodeHaibTfbsA549Usf1Pcr1xEtoh02AlnRep0_train_gS_11_3_1.model.txt
Tfbs/Usf1/Gm12878/Haib_Pcr2x	model_files/wgEncodeHaibTfbsGm12878Usf1Pcr2xAlnRep0_train_gS_11_3_1.model.txt
Tfbs/Usf1/H1hesc/Haib_Pcr1x	model_files/wgEncodeHaibTfbsH1hescUsf1Pcr1xAlnRep0_train_gS_11_3_1.model.txt
Tfbs/Usf1/Hepg2/Haib_Pcr1x	model_files/wgEncodeHaibTfbsHepg2Usf1Pcr1xAlnRep0_train_gS_11_3_1.model.txt
Tfbs/Usf1/K562/Haib_V0416101	model_files/wgEncodeHaibTfbsK562Usf1V0416101AlnRep0_train_gS_11_3_1.model.txt
Tfbs/Usf1sc8983/Sknshra/Haib_V0416102	model_files/wgEncodeHaibTfbsSknshraUsf1sc8983V0416102AlnRep0_train_gS_11_3_1.model.txt
Tfbs/Usf2/Gm12878/Sydh_Iggmus	model_files/wgEncodeSydhTfbsGm12878Usf2IggmusAlnRep0_train_gS_11_3_1.model.txt
Tfbs/Usf2/Helas3/Sydh_Iggmus	model_files/wgEncodeSydhTfbsHelas3Usf2IggmusAlnRep0_train_gS_11_3_1.model.txt
Tfbs/Yy1/Gm12878/Haib_V0416101	model_files/wgEncodeHaibTfbsGm12878Yy1V0416101AlnRep0_train_gS_11_3_1.model.txt
Tfbs/Yy1/Gm12892/Haib_V0416101	model_files/wgEncodeHaibTfbsGm12892Yy1V0416101AlnRep0_train_gS_11_3_1.model.txt
Tfbs/Yy1/K562/Haib_V0416101	model_files/wgEncodeHaibTfbsK562Yy1V0416101AlnRep0_train_gS_11_3_1.model.txt
Tfbs/Yy1/K562/Haib_V0416102	model_files/wgEncodeHaibTfbsK562Yy1V0416102AlnRep0_train_gS_11_3_1.model.txt
Tfbs/Yy1c20/Gm12891/Haib_V0416101	model_files/wgEncodeHaibTfbsGm12891Yy1c20V0416101AlnRep0_train_gS_11_3_1.model.txt
Tfbs/Yy1c20/H1hesc/Haib_Pcr1x	model_files/wgEncodeHaibTfbsH1hescYy1c20Pcr1xAlnRep0_train_gS_11_3_1.model.txt
Tfbs/Yy1c20/Sknshra/Haib_V0416102	model_files/wgEncodeHaibTfbsSknshraYy1c20V0416102AlnRep0_train_gS_11_3_1.model.txt
Tfbs/Zbtb7asc34508/K562/Haib_V0416101	model_files/wgEncodeHaibTfbsK562Zbtb7asc34508V0416101AlnRep0_train_gS_11_3_1.model.txt
Tfbs/Zeb1sc25388/Gm12878/Haib_V0416102	model_files/wgEncodeHaibTfbsGm12878Zeb1sc25388V0416102AlnRep0_train_gS_11_3_1.model.txt
Tfbs/Znf143166181ap/Gm12878/Sydh_Std	model_files/wgEncodeSydhTfbsGm12878Znf143166181apStdAlnRep0_train_gS_11_3_1.model.txt
Tfbs/Znf263/Trexhek293/Sydh_Ucd	model_files/wgEncodeSydhTfbsTrexhek293Znf263UcdAlnRep0_train_gS_11_3_1.model.txt
