model	args_model	args_model_md5	args_model_url
Chip/OpenChrom/Cmyc/K562	model_files/wgEncodeOpenChromChipK562CmycAlnRep0_train_gS_11_3_1.model.txt	e5f94c246d3be88573154a5ad5189e2f	https://zenodo.org/record/1466097/files/wgEncodeOpenChromChipK562CmycAlnRep0_train_gS_11_3_1.model.txt?download=1
Chip/OpenChrom/Cmyc/Mcf7_Estro	model_files/wgEncodeOpenChromChipMcf7CmycEstroAlnRep0_train_gS_11_3_1.model.txt	94ac14fdbc407da8a4eb85348a635c88	https://zenodo.org/record/1466097/files/wgEncodeOpenChromChipMcf7CmycEstroAlnRep0_train_gS_11_3_1.model.txt?download=1
Chip/OpenChrom/Cmyc/Mcf7_Veh	model_files/wgEncodeOpenChromChipMcf7CmycVehAlnRep0_train_gS_11_3_1.model.txt	6a046ce4c499b37e5bd27e580aba3978	https://zenodo.org/record/1466097/files/wgEncodeOpenChromChipMcf7CmycVehAlnRep0_train_gS_11_3_1.model.txt?download=1
Chip/OpenChrom/Ctcf/Fibrobl	model_files/wgEncodeOpenChromChipFibroblCtcfAlnRep0_train_gS_11_3_1.model.txt	00683ee9b881e80132f4b1a05b6da583	https://zenodo.org/record/1466097/files/wgEncodeOpenChromChipFibroblCtcfAlnRep0_train_gS_11_3_1.model.txt?download=1
Chip/OpenChrom/Ctcf/Gliobla	model_files/wgEncodeOpenChromChipGlioblaCtcfAlnRep0_train_gS_11_3_1.model.txt	799e8d3d34462bc7aaa809aaaf74230a	https://zenodo.org/record/1466097/files/wgEncodeOpenChromChipGlioblaCtcfAlnRep0_train_gS_11_3_1.model.txt?download=1
Chip/OpenChrom/Ctcf/Gm12878	model_files/wgEncodeOpenChromChipGm12878CtcfAlnRep0_train_gS_11_3_1.model.txt	b45824bc0492a6c5925ec808fc7c5b0a	https://zenodo.org/record/1466097/files/wgEncodeOpenChromChipGm12878CtcfAlnRep0_train_gS_11_3_1.model.txt?download=1
Chip/OpenChrom/Ctcf/Helas3	model_files/wgEncodeOpenChromChipHelas3CtcfAlnRep0_train_gS_11_3_1.model.txt	42c8e9895529b5883b6a46001dfae625	https://zenodo.org/record/1466097/files/wgEncodeOpenChromChipHelas3CtcfAlnRep0_train_gS_11_3_1.model.txt?download=1
Chip/OpenChrom/Ctcf/Hepg2	model_files/wgEncodeOpenChromChipHepg2CtcfAlnRep0_train_gS_11_3_1.model.txt	9c073b5c81d70495c50d915986b5ae1c	https://zenodo.org/record/1466097/files/wgEncodeOpenChromChipHepg2CtcfAlnRep0_train_gS_11_3_1.model.txt?download=1
Chip/OpenChrom/Ctcf/Huvec	model_files/wgEncodeOpenChromChipHuvecCtcfAlnRep0_train_gS_11_3_1.model.txt	4a5fcf73b20c81bb866b05473a348db7	https://zenodo.org/record/1466097/files/wgEncodeOpenChromChipHuvecCtcfAlnRep0_train_gS_11_3_1.model.txt?download=1
Chip/OpenChrom/Ctcf/K562	model_files/wgEncodeOpenChromChipK562CtcfAlnRep0_train_gS_11_3_1.model.txt	d087d214103ba81e25649fd8073758a2	https://zenodo.org/record/1466097/files/wgEncodeOpenChromChipK562CtcfAlnRep0_train_gS_11_3_1.model.txt?download=1
Chip/OpenChrom/Ctcf/Mcf7	model_files/wgEncodeOpenChromChipMcf7CtcfAlnRep0_train_gS_11_3_1.model.txt	7b6cc4c19380cfbdca1013a672467f6c	https://zenodo.org/record/1466097/files/wgEncodeOpenChromChipMcf7CtcfAlnRep0_train_gS_11_3_1.model.txt?download=1
Chip/OpenChrom/Ctcf/Mcf7_Estro	model_files/wgEncodeOpenChromChipMcf7CtcfEstroAlnRep0_train_gS_11_3_1.model.txt	bf7864c465ed3442f279246075c92402	https://zenodo.org/record/1466097/files/wgEncodeOpenChromChipMcf7CtcfEstroAlnRep0_train_gS_11_3_1.model.txt?download=1
Chip/OpenChrom/Ctcf/Mcf7_Veh	model_files/wgEncodeOpenChromChipMcf7CtcfVehAlnRep0_train_gS_11_3_1.model.txt	bb1f6ee76d0928564f8c90f55b0089b4	https://zenodo.org/record/1466097/files/wgEncodeOpenChromChipMcf7CtcfVehAlnRep0_train_gS_11_3_1.model.txt?download=1
Chip/OpenChrom/Ctcf/Progfib	model_files/wgEncodeOpenChromChipProgfibCtcfAlnRep0_train_gS_11_3_1.model.txt	bc022bab06644ee27d2351f6d39188ad	https://zenodo.org/record/1466097/files/wgEncodeOpenChromChipProgfibCtcfAlnRep0_train_gS_11_3_1.model.txt?download=1
Chip/OpenChrom/Pol2/Gliobla	model_files/wgEncodeOpenChromChipGlioblaPol2AlnRep0_train_gS_11_3_1.model.txt	60dbca0857922591abc27b9910890379	https://zenodo.org/record/1466097/files/wgEncodeOpenChromChipGlioblaPol2AlnRep0_train_gS_11_3_1.model.txt?download=1
Chip/OpenChrom/Pol2/Gm12878	model_files/wgEncodeOpenChromChipGm12878Pol2AlnRep0_train_gS_11_3_1.model.txt	99dec5965f339ca6b67b691c9d86c026	https://zenodo.org/record/1466097/files/wgEncodeOpenChromChipGm12878Pol2AlnRep0_train_gS_11_3_1.model.txt?download=1
Chip/OpenChrom/Pol2/Helas3	model_files/wgEncodeOpenChromChipHelas3Pol2AlnRep0_train_gS_11_3_1.model.txt	00d8a7597b233da8628f37b92cf0d774	https://zenodo.org/record/1466097/files/wgEncodeOpenChromChipHelas3Pol2AlnRep0_train_gS_11_3_1.model.txt?download=1
Chip/OpenChrom/Pol2/Hepg2	model_files/wgEncodeOpenChromChipHepg2Pol2AlnRep0_train_gS_11_3_1.model.txt	60e43eaf6c23a321f0d7ff2c95ee56af	https://zenodo.org/record/1466097/files/wgEncodeOpenChromChipHepg2Pol2AlnRep0_train_gS_11_3_1.model.txt?download=1
Chip/OpenChrom/Pol2/Huvec	model_files/wgEncodeOpenChromChipHuvecPol2AlnRep0_train_gS_11_3_1.model.txt	df90b0577894d3164ad14ac751d3fac4	https://zenodo.org/record/1466097/files/wgEncodeOpenChromChipHuvecPol2AlnRep0_train_gS_11_3_1.model.txt?download=1
Chip/OpenChrom/Pol2/K562	model_files/wgEncodeOpenChromChipK562Pol2AlnRep0_train_gS_11_3_1.model.txt	9065f677cb14720149ca0f38c0d08122	https://zenodo.org/record/1466097/files/wgEncodeOpenChromChipK562Pol2AlnRep0_train_gS_11_3_1.model.txt?download=1
Chip/OpenChrom/Pol2/Mcf7	model_files/wgEncodeOpenChromChipMcf7Pol2AlnRep0_train_gS_11_3_1.model.txt	fdaa3e7a5bb6f2ca38644f06868a2af0	https://zenodo.org/record/1466097/files/wgEncodeOpenChromChipMcf7Pol2AlnRep0_train_gS_11_3_1.model.txt?download=1
Chip/OpenChrom/Pol2/Progfib	model_files/wgEncodeOpenChromChipProgfibPol2AlnRep0_train_gS_11_3_1.model.txt	f06f48ae9ce2dbd2222737265ca1783e	https://zenodo.org/record/1466097/files/wgEncodeOpenChromChipProgfibPol2AlnRep0_train_gS_11_3_1.model.txt?download=1
Histone/Ctcf/Gm12878/Broad_Std	model_files/wgEncodeBroadHistoneGm12878CtcfStdAlnRep0_train_gS_11_3_1.model.txt	0d3dd23c2511c2112aada66fe30b9c6e	https://zenodo.org/record/1466097/files/wgEncodeBroadHistoneGm12878CtcfStdAlnRep0_train_gS_11_3_1.model.txt?download=1
Histone/Ctcf/H1hesc/Broad_Std	model_files/wgEncodeBroadHistoneH1hescCtcfStdAlnRep0_train_gS_11_3_1.model.txt	735322ed9799690de05dcd28840d3a6d	https://zenodo.org/record/1466097/files/wgEncodeBroadHistoneH1hescCtcfStdAlnRep0_train_gS_11_3_1.model.txt?download=1
Histone/Ctcf/Helas3/Broad_Std	model_files/wgEncodeBroadHistoneHelas3CtcfStdAlnRep0_train_gS_11_3_1.model.txt	b75d3108432be9b54fba525d71da97b8	https://zenodo.org/record/1466097/files/wgEncodeBroadHistoneHelas3CtcfStdAlnRep0_train_gS_11_3_1.model.txt?download=1
Histone/Ctcf/Hepg2/Broad_Std	model_files/wgEncodeBroadHistoneHepg2CtcfStdAlnRep0_train_gS_11_3_1.model.txt	985fc8a46530a56c782f4838d47a356d	https://zenodo.org/record/1466097/files/wgEncodeBroadHistoneHepg2CtcfStdAlnRep0_train_gS_11_3_1.model.txt?download=1
Histone/Ctcf/Hmec/Broad_Std	model_files/wgEncodeBroadHistoneHmecCtcfStdAlnRep0_train_gS_11_3_1.model.txt	653431620461136b9a08527d49352cc0	https://zenodo.org/record/1466097/files/wgEncodeBroadHistoneHmecCtcfStdAlnRep0_train_gS_11_3_1.model.txt?download=1
Histone/Ctcf/Hsmm/Broad_Std	model_files/wgEncodeBroadHistoneHsmmCtcfStdAlnRep0_train_gS_11_3_1.model.txt	1c23095c52cd108ba152aa81422e6d53	https://zenodo.org/record/1466097/files/wgEncodeBroadHistoneHsmmCtcfStdAlnRep0_train_gS_11_3_1.model.txt?download=1
Histone/Ctcf/Hsmmt/Broad_Std	model_files/wgEncodeBroadHistoneHsmmtCtcfStdAlnRep0_train_gS_11_3_1.model.txt	735f2c6c77a41573a2d4929801c5dd0e	https://zenodo.org/record/1466097/files/wgEncodeBroadHistoneHsmmtCtcfStdAlnRep0_train_gS_11_3_1.model.txt?download=1
Histone/Ctcf/Huvec/Broad_Std	model_files/wgEncodeBroadHistoneHuvecCtcfStdAlnRep0_train_gS_11_3_1.model.txt	7f15e3d41de75a2f8319dfd33e7a91de	https://zenodo.org/record/1466097/files/wgEncodeBroadHistoneHuvecCtcfStdAlnRep0_train_gS_11_3_1.model.txt?download=1
Histone/Ctcf/K562/Broad_Std	model_files/wgEncodeBroadHistoneK562CtcfStdAlnRep0_train_gS_11_3_1.model.txt	7b68ec005d498768d7ee9d66d1c937db	https://zenodo.org/record/1466097/files/wgEncodeBroadHistoneK562CtcfStdAlnRep0_train_gS_11_3_1.model.txt?download=1
Histone/Ctcf/Nha/Broad_Std	model_files/wgEncodeBroadHistoneNhaCtcfStdAlnRep0_train_gS_11_3_1.model.txt	fd414ba31b27d6b632b979d0de6d4531	https://zenodo.org/record/1466097/files/wgEncodeBroadHistoneNhaCtcfStdAlnRep0_train_gS_11_3_1.model.txt?download=1
Histone/Ctcf/Nhdfad/Broad_Std	model_files/wgEncodeBroadHistoneNhdfadCtcfStdAlnRep0_train_gS_11_3_1.model.txt	29cfb4190b054e616a78c159055d488d	https://zenodo.org/record/1466097/files/wgEncodeBroadHistoneNhdfadCtcfStdAlnRep0_train_gS_11_3_1.model.txt?download=1
Histone/Ctcf/Nhek/Broad_Std	model_files/wgEncodeBroadHistoneNhekCtcfStdAlnRep0_train_gS_11_3_1.model.txt	bae51b1f9c2bef60b07c09c8f3380059	https://zenodo.org/record/1466097/files/wgEncodeBroadHistoneNhekCtcfStdAlnRep0_train_gS_11_3_1.model.txt?download=1
Histone/Ctcf/Nhlf/Broad_Std	model_files/wgEncodeBroadHistoneNhlfCtcfStdAlnRep0_train_gS_11_3_1.model.txt	188f79f9d1f22933ae810c090056a8d5	https://zenodo.org/record/1466097/files/wgEncodeBroadHistoneNhlfCtcfStdAlnRep0_train_gS_11_3_1.model.txt?download=1
Histone/Ctcf/Osteobl/Broad_Std	model_files/wgEncodeBroadHistoneOsteoblCtcfStdAlnRep0_train_gS_11_3_1.model.txt	2508c3e03e9e242ab4285166790ec5ed	https://zenodo.org/record/1466097/files/wgEncodeBroadHistoneOsteoblCtcfStdAlnRep0_train_gS_11_3_1.model.txt?download=1
Histone/Pol2b/K562/Broad_Std	model_files/wgEncodeBroadHistoneK562Pol2bStdAlnRep0_train_gS_11_3_1.model.txt	cf7d76d0b9898347adfa11ee48b43921	https://zenodo.org/record/1466097/files/wgEncodeBroadHistoneK562Pol2bStdAlnRep0_train_gS_11_3_1.model.txt?download=1
Tfbs/Ap2alpha/Helas3/Sydh_Std	model_files/wgEncodeSydhTfbsHelas3Ap2alphaStdAlnRep0_train_gS_11_3_1.model.txt	8593543fcc6f73ab2a335f21117256db	https://zenodo.org/record/1466097/files/wgEncodeSydhTfbsHelas3Ap2alphaStdAlnRep0_train_gS_11_3_1.model.txt?download=1
Tfbs/Ap2gamma/Helas3/Sydh_Std	model_files/wgEncodeSydhTfbsHelas3Ap2gammaStdAlnRep0_train_gS_11_3_1.model.txt	4bedd0cabcf77b2cddf0f93ab0c287ef	https://zenodo.org/record/1466097/files/wgEncodeSydhTfbsHelas3Ap2gammaStdAlnRep0_train_gS_11_3_1.model.txt?download=1
Tfbs/Batf/Gm12878/Haib_Pcr1x	model_files/wgEncodeHaibTfbsGm12878BatfPcr1xAlnRep0_train_gS_11_3_1.model.txt	aa2cb31f5cf05c16d9e0cf96fccebad2	https://zenodo.org/record/1466097/files/wgEncodeHaibTfbsGm12878BatfPcr1xAlnRep0_train_gS_11_3_1.model.txt?download=1
Tfbs/Bcl11a/Gm12878/Haib_Pcr1x	model_files/wgEncodeHaibTfbsGm12878Bcl11aPcr1xAlnRep0_train_gS_11_3_1.model.txt	c6426aa8561388bffb75e4c9cdf7f821	https://zenodo.org/record/1466097/files/wgEncodeHaibTfbsGm12878Bcl11aPcr1xAlnRep0_train_gS_11_3_1.model.txt?download=1
Tfbs/Bcl3/Gm12878/Haib_Pcr1x	model_files/wgEncodeHaibTfbsGm12878Bcl3Pcr1xAlnRep0_train_gS_11_3_1.model.txt	d04fe9759e8cdf919d01402674ea81f0	https://zenodo.org/record/1466097/files/wgEncodeHaibTfbsGm12878Bcl3Pcr1xAlnRep0_train_gS_11_3_1.model.txt?download=1
Tfbs/Ccnt2/K562/Sydh_Std	model_files/wgEncodeSydhTfbsK562Ccnt2StdAlnRep0_train_gS_11_3_1.model.txt	52965eb7739a8ec300e18d7d21050d0b	https://zenodo.org/record/1466097/files/wgEncodeSydhTfbsK562Ccnt2StdAlnRep0_train_gS_11_3_1.model.txt?download=1
Tfbs/Cebpb/Helas3/Sydh_Iggrab	model_files/wgEncodeSydhTfbsHelas3CebpbIggrabAlnRep0_train_gS_11_3_1.model.txt	d969f006c308ea6696a82efa8d95686c	https://zenodo.org/record/1466097/files/wgEncodeSydhTfbsHelas3CebpbIggrabAlnRep0_train_gS_11_3_1.model.txt?download=1
Tfbs/Cebpb/Hepg2/Sydh_Forskln_Std	model_files/wgEncodeSydhTfbsHepg2CebpbForsklnStdAlnRep0_train_gS_11_3_1.model.txt	e0377312cae7478128d4780bc7e4db8f	https://zenodo.org/record/1466097/files/wgEncodeSydhTfbsHepg2CebpbForsklnStdAlnRep0_train_gS_11_3_1.model.txt?download=1
Tfbs/Cebpb/Hepg2/Sydh_Iggrab	model_files/wgEncodeSydhTfbsHepg2CebpbIggrabAlnRep0_train_gS_11_3_1.model.txt	e11cc048a8f701264b990bbef35b525f	https://zenodo.org/record/1466097/files/wgEncodeSydhTfbsHepg2CebpbIggrabAlnRep0_train_gS_11_3_1.model.txt?download=1
Tfbs/Cebpb/K562/Sydh_Iggrab	model_files/wgEncodeSydhTfbsK562CebpbIggrabAlnRep0_train_gS_11_3_1.model.txt	e6e66114aa6761777c19381fc3b07bc5	https://zenodo.org/record/1466097/files/wgEncodeSydhTfbsK562CebpbIggrabAlnRep0_train_gS_11_3_1.model.txt?download=1
Tfbs/Cfos/Helas3/Sydh_Std	model_files/wgEncodeSydhTfbsHelas3CfosStdAlnRep0_train_gS_11_3_1.model.txt	6082664d2431d887d36b107d99e95841	https://zenodo.org/record/1466097/files/wgEncodeSydhTfbsHelas3CfosStdAlnRep0_train_gS_11_3_1.model.txt?download=1
Tfbs/Cfos/Huvec/Sydh_Ucd	model_files/wgEncodeSydhTfbsHuvecCfosUcdAlnRep0_train_gS_11_3_1.model.txt	19e50daf59afa39e8b5ba8602f46004a	https://zenodo.org/record/1466097/files/wgEncodeSydhTfbsHuvecCfosUcdAlnRep0_train_gS_11_3_1.model.txt?download=1
Tfbs/Chd21250/K562/Sydh_Iggrab	model_files/wgEncodeSydhTfbsK562Chd21250IggrabAlnRep0_train_gS_11_3_1.model.txt	7b279db8ded09a8c3ad4293a53d92776	https://zenodo.org/record/1466097/files/wgEncodeSydhTfbsK562Chd21250IggrabAlnRep0_train_gS_11_3_1.model.txt?download=1
Tfbs/Cjun/Helas3/Sydh_Iggrab	model_files/wgEncodeSydhTfbsHelas3CjunIggrabAlnRep0_train_gS_11_3_1.model.txt	d77a2736363ed667a86711ee2a68196c	https://zenodo.org/record/1466097/files/wgEncodeSydhTfbsHelas3CjunIggrabAlnRep0_train_gS_11_3_1.model.txt?download=1
Tfbs/Cjun/Hepg2/Sydh_Iggrab	model_files/wgEncodeSydhTfbsHepg2CjunIggrabAlnRep0_train_gS_11_3_1.model.txt	eb7abf9c5da3629247eec975b5ac28b7	https://zenodo.org/record/1466097/files/wgEncodeSydhTfbsHepg2CjunIggrabAlnRep0_train_gS_11_3_1.model.txt?download=1
Tfbs/Cjun/Huvec/Sydh_Std	model_files/wgEncodeSydhTfbsHuvecCjunStdAlnRep0_train_gS_11_3_1.model.txt	6e78bd9e98d67fdb36d5e5ed16861ca9	https://zenodo.org/record/1466097/files/wgEncodeSydhTfbsHuvecCjunStdAlnRep0_train_gS_11_3_1.model.txt?download=1
Tfbs/Cjun/K562/Sydh_Ifng30_Std	model_files/wgEncodeSydhTfbsK562CjunIfng30StdAlnRep0_train_gS_11_3_1.model.txt	b5d1bbce8db3c726e78b87f326368d3c	https://zenodo.org/record/1466097/files/wgEncodeSydhTfbsK562CjunIfng30StdAlnRep0_train_gS_11_3_1.model.txt?download=1
Tfbs/Cjun/K562/Sydh_Std	model_files/wgEncodeSydhTfbsK562CjunStdAlnRep0_train_gS_11_3_1.model.txt	d86ad614d40014c0f80dedd221b91e2a	https://zenodo.org/record/1466097/files/wgEncodeSydhTfbsK562CjunStdAlnRep0_train_gS_11_3_1.model.txt?download=1
Tfbs/Cmyc/K562/Sydh_Ifna6h_Std	model_files/wgEncodeSydhTfbsK562CmycIfna6hStdAlnRep0_train_gS_11_3_1.model.txt	0d0ec1d50766ef711cd6c3c18bb723b6	https://zenodo.org/record/1466097/files/wgEncodeSydhTfbsK562CmycIfna6hStdAlnRep0_train_gS_11_3_1.model.txt?download=1
Tfbs/Cmyc/K562/Sydh_Ifng30_Std	model_files/wgEncodeSydhTfbsK562CmycIfng30StdAlnRep0_train_gS_11_3_1.model.txt	9d2e684e69c7d75bbf5ee8d653997b0d	https://zenodo.org/record/1466097/files/wgEncodeSydhTfbsK562CmycIfng30StdAlnRep0_train_gS_11_3_1.model.txt?download=1
Tfbs/Cmyc/K562/Sydh_Ifng6h_Std	model_files/wgEncodeSydhTfbsK562CmycIfng6hStdAlnRep0_train_gS_11_3_1.model.txt	9090c889b1d91d57d7d90534796e585e	https://zenodo.org/record/1466097/files/wgEncodeSydhTfbsK562CmycIfng6hStdAlnRep0_train_gS_11_3_1.model.txt?download=1
Tfbs/Cmyc/Nb4/Sydh_Std	model_files/wgEncodeSydhTfbsNb4CmycStdAlnRep0_train_gS_11_3_1.model.txt	d1d65a73e19c6d1e4fc9b40287d5eb54	https://zenodo.org/record/1466097/files/wgEncodeSydhTfbsNb4CmycStdAlnRep0_train_gS_11_3_1.model.txt?download=1
Tfbs/Ctcf/A549/Haib_Pcr1x_Dexa	model_files/wgEncodeHaibTfbsA549CtcfPcr1xDexaAlnRep0_train_gS_11_3_1.model.txt	c9d28ccf701b4497b40626fc421d65f5	https://zenodo.org/record/1466097/files/wgEncodeHaibTfbsA549CtcfPcr1xDexaAlnRep0_train_gS_11_3_1.model.txt?download=1
Tfbs/Ctcf/A549/Haib_Pcr1x_Etoh02	model_files/wgEncodeHaibTfbsA549CtcfPcr1xEtoh02AlnRep0_train_gS_11_3_1.model.txt	bbd9c7a16b204295fec7fe9771c1330b	https://zenodo.org/record/1466097/files/wgEncodeHaibTfbsA549CtcfPcr1xEtoh02AlnRep0_train_gS_11_3_1.model.txt?download=1
Tfbs/Ctcf/Ag04449/Uw_Std	model_files/wgEncodeUwTfbsAg04449CtcfStdAlnRep0_train_gS_11_3_1.model.txt	307a09734e2790783e21ac854c55a1bb	https://zenodo.org/record/1466097/files/wgEncodeUwTfbsAg04449CtcfStdAlnRep0_train_gS_11_3_1.model.txt?download=1
Tfbs/Ctcf/Ag04450/Uw_Std	model_files/wgEncodeUwTfbsAg04450CtcfStdAlnRep1_train_gS_11_3_1.model.txt	91af4503a9ef5660613e56ed3bfba9c2	https://zenodo.org/record/1466097/files/wgEncodeUwTfbsAg04450CtcfStdAlnRep1_train_gS_11_3_1.model.txt?download=1
Tfbs/Ctcf/Ag09309/Uw_Std	model_files/wgEncodeUwTfbsAg09309CtcfStdAlnRep0_train_gS_11_3_1.model.txt	a7f0fb6788eb96ed8d8e107d84986555	https://zenodo.org/record/1466097/files/wgEncodeUwTfbsAg09309CtcfStdAlnRep0_train_gS_11_3_1.model.txt?download=1
Tfbs/Ctcf/Ag09319/Uw_Std	model_files/wgEncodeUwTfbsAg09319CtcfStdAlnRep0_train_gS_11_3_1.model.txt	7a1196cce277e7f3300ff831d31c2525	https://zenodo.org/record/1466097/files/wgEncodeUwTfbsAg09319CtcfStdAlnRep0_train_gS_11_3_1.model.txt?download=1
Tfbs/Ctcf/Ag10803/Uw_Std	model_files/wgEncodeUwTfbsAg10803CtcfStdAlnRep0_train_gS_11_3_1.model.txt	3c3ed5497bb7b8477f93c21fa0ec3393	https://zenodo.org/record/1466097/files/wgEncodeUwTfbsAg10803CtcfStdAlnRep0_train_gS_11_3_1.model.txt?download=1
Tfbs/Ctcf/Aoaf/Uw_Std	model_files/wgEncodeUwTfbsAoafCtcfStdAlnRep0_train_gS_11_3_1.model.txt	8fc3166b823aba6c5bdb324c61ed3fb6	https://zenodo.org/record/1466097/files/wgEncodeUwTfbsAoafCtcfStdAlnRep0_train_gS_11_3_1.model.txt?download=1
Tfbs/Ctcf/Bj/Uw_Std	model_files/wgEncodeUwTfbsBjCtcfStdAlnRep0_train_gS_11_3_1.model.txt	34d548d651c702a1e0110d27dc35e0b3	https://zenodo.org/record/1466097/files/wgEncodeUwTfbsBjCtcfStdAlnRep0_train_gS_11_3_1.model.txt?download=1
Tfbs/Ctcf/Caco2/Uw_Std	model_files/wgEncodeUwTfbsCaco2CtcfStdAlnRep0_train_gS_11_3_1.model.txt	98b3c591066ca1074a971c1cae39add9	https://zenodo.org/record/1466097/files/wgEncodeUwTfbsCaco2CtcfStdAlnRep0_train_gS_11_3_1.model.txt?download=1
Tfbs/Ctcf/Gm06990/Uw_Std	model_files/wgEncodeUwTfbsGm06990CtcfStdAlnRep0_train_gS_11_3_1.model.txt	ff7240c8aaddc6dc848431e85d47f588	https://zenodo.org/record/1466097/files/wgEncodeUwTfbsGm06990CtcfStdAlnRep0_train_gS_11_3_1.model.txt?download=1
Tfbs/Ctcf/Gm12864/Uw_Std	model_files/wgEncodeUwTfbsGm12864CtcfStdAlnRep0_train_gS_11_3_1.model.txt	b4bc95a0166615753c9d1d7d7c1daace	https://zenodo.org/record/1466097/files/wgEncodeUwTfbsGm12864CtcfStdAlnRep0_train_gS_11_3_1.model.txt?download=1
Tfbs/Ctcf/Gm12865/Uw_Std	model_files/wgEncodeUwTfbsGm12865CtcfStdAlnRep0_train_gS_11_3_1.model.txt	21a0ebcd9ac9d98ee96f4a6ddd1d7a0c	https://zenodo.org/record/1466097/files/wgEncodeUwTfbsGm12865CtcfStdAlnRep0_train_gS_11_3_1.model.txt?download=1
Tfbs/Ctcf/Gm12872/Uw_Std	model_files/wgEncodeUwTfbsGm12872CtcfStdAlnRep0_train_gS_11_3_1.model.txt	acc244df30cd6a20d608553201955710	https://zenodo.org/record/1466097/files/wgEncodeUwTfbsGm12872CtcfStdAlnRep0_train_gS_11_3_1.model.txt?download=1
Tfbs/Ctcf/Gm12873/Uw_Std	model_files/wgEncodeUwTfbsGm12873CtcfStdAlnRep0_train_gS_11_3_1.model.txt	4e4f0d8904efacfd9a7e1e3e812dae57	https://zenodo.org/record/1466097/files/wgEncodeUwTfbsGm12873CtcfStdAlnRep0_train_gS_11_3_1.model.txt?download=1
Tfbs/Ctcf/Gm12874/Uw_Std	model_files/wgEncodeUwTfbsGm12874CtcfStdAlnRep0_train_gS_11_3_1.model.txt	471a20992821f1c2956a7acc334d44cf	https://zenodo.org/record/1466097/files/wgEncodeUwTfbsGm12874CtcfStdAlnRep0_train_gS_11_3_1.model.txt?download=1
Tfbs/Ctcf/Gm12875/Uw_Std	model_files/wgEncodeUwTfbsGm12875CtcfStdAlnRep0_train_gS_11_3_1.model.txt	f1bb572e4658c8e2cb973cc47abff103	https://zenodo.org/record/1466097/files/wgEncodeUwTfbsGm12875CtcfStdAlnRep0_train_gS_11_3_1.model.txt?download=1
Tfbs/Ctcf/Gm12878/Uw_Std	model_files/wgEncodeUwTfbsGm12878CtcfStdAlnRep0_train_gS_11_3_1.model.txt	45df4d16894058f99814e4e97564ce14	https://zenodo.org/record/1466097/files/wgEncodeUwTfbsGm12878CtcfStdAlnRep0_train_gS_11_3_1.model.txt?download=1
Tfbs/Ctcf/Hasp/Uw_Std	model_files/wgEncodeUwTfbsHaspCtcfStdAlnRep1_train_gS_11_3_1.model.txt	283bb16f0d745a5da4f0ac3627c11374	https://zenodo.org/record/1466097/files/wgEncodeUwTfbsHaspCtcfStdAlnRep1_train_gS_11_3_1.model.txt?download=1
Tfbs/Ctcf/Hbmec/Uw_Std	model_files/wgEncodeUwTfbsHbmecCtcfStdAlnRep0_train_gS_11_3_1.model.txt	ef29b94c415e8bff0e09036849a729ca	https://zenodo.org/record/1466097/files/wgEncodeUwTfbsHbmecCtcfStdAlnRep0_train_gS_11_3_1.model.txt?download=1
Tfbs/Ctcf/Hcfaa/Uw_Std	model_files/wgEncodeUwTfbsHcfaaCtcfStdAlnRep1_train_gS_11_3_1.model.txt	d0bcb2a2e49a210c1a0e9994e2528b89	https://zenodo.org/record/1466097/files/wgEncodeUwTfbsHcfaaCtcfStdAlnRep1_train_gS_11_3_1.model.txt?download=1
Tfbs/Ctcf/Hcpe/Uw_Std	model_files/wgEncodeUwTfbsHcpeCtcfStdAlnRep0_train_gS_11_3_1.model.txt	44e3d0b30d0508d59278faacc2533099	https://zenodo.org/record/1466097/files/wgEncodeUwTfbsHcpeCtcfStdAlnRep0_train_gS_11_3_1.model.txt?download=1
Tfbs/Ctcf/Hee/Uw_Std	model_files/wgEncodeUwTfbsHeeCtcfStdAlnRep0_train_gS_11_3_1.model.txt	080e67e07443c21db49a7acae204fd96	https://zenodo.org/record/1466097/files/wgEncodeUwTfbsHeeCtcfStdAlnRep0_train_gS_11_3_1.model.txt?download=1
Tfbs/Ctcf/Hek293/Uw_Std	model_files/wgEncodeUwTfbsHek293CtcfStdAlnRep0_train_gS_11_3_1.model.txt	393f79d864859ee57c3d19f8085d2b58	https://zenodo.org/record/1466097/files/wgEncodeUwTfbsHek293CtcfStdAlnRep0_train_gS_11_3_1.model.txt?download=1
Tfbs/Ctcf/Helas3/Uw_Std	model_files/wgEncodeUwTfbsHelas3CtcfStdAlnRep0_train_gS_11_3_1.model.txt	6a9c653aabef402fe32fbacd7c2f5b2c	https://zenodo.org/record/1466097/files/wgEncodeUwTfbsHelas3CtcfStdAlnRep0_train_gS_11_3_1.model.txt?download=1
Tfbs/Ctcf/Hepg2/Haib_V0416101	model_files/wgEncodeHaibTfbsHepg2CtcfV0416101AlnRep0_train_gS_11_3_1.model.txt	8492ab7e38661ec24cc47aa3fa1a4d4c	https://zenodo.org/record/1466097/files/wgEncodeHaibTfbsHepg2CtcfV0416101AlnRep0_train_gS_11_3_1.model.txt?download=1
Tfbs/Ctcf/Hepg2/Uw_Std	model_files/wgEncodeUwTfbsHepg2CtcfStdAlnRep0_train_gS_11_3_1.model.txt	e608d95782c256cd2486c69275b1a225	https://zenodo.org/record/1466097/files/wgEncodeUwTfbsHepg2CtcfStdAlnRep0_train_gS_11_3_1.model.txt?download=1
Tfbs/Ctcf/Hl60/Uw_Std	model_files/wgEncodeUwTfbsHl60CtcfStdAlnRep1_train_gS_11_3_1.model.txt	b172bfbc7300cdb05c8244ccc1f5a74d	https://zenodo.org/record/1466097/files/wgEncodeUwTfbsHl60CtcfStdAlnRep1_train_gS_11_3_1.model.txt?download=1
Tfbs/Ctcf/Hmec/Uw_Std	model_files/wgEncodeUwTfbsHmecCtcfStdAlnRep1_train_gS_11_3_1.model.txt	9d24a5243ae08e5d83508295ea5e3364	https://zenodo.org/record/1466097/files/wgEncodeUwTfbsHmecCtcfStdAlnRep1_train_gS_11_3_1.model.txt?download=1
Tfbs/Ctcf/Hmf/Uw_Std	model_files/wgEncodeUwTfbsHmfCtcfStdAlnRep0_train_gS_11_3_1.model.txt	4e95293cc6bb7d8452ef88315287862d	https://zenodo.org/record/1466097/files/wgEncodeUwTfbsHmfCtcfStdAlnRep0_train_gS_11_3_1.model.txt?download=1
Tfbs/Ctcf/Hpaf/Uw_Std	model_files/wgEncodeUwTfbsHpafCtcfStdAlnRep0_train_gS_11_3_1.model.txt	9026c2162b93073d733d2fce3a6492dd	https://zenodo.org/record/1466097/files/wgEncodeUwTfbsHpafCtcfStdAlnRep0_train_gS_11_3_1.model.txt?download=1
Tfbs/Ctcf/Hpf/Uw_Std	model_files/wgEncodeUwTfbsHpfCtcfStdAlnRep0_train_gS_11_3_1.model.txt	010884eb68022a695d639cb86029ecd0	https://zenodo.org/record/1466097/files/wgEncodeUwTfbsHpfCtcfStdAlnRep0_train_gS_11_3_1.model.txt?download=1
Tfbs/Ctcf/Hre/Uw_Std	model_files/wgEncodeUwTfbsHreCtcfStdAlnRep0_train_gS_11_3_1.model.txt	527b50ce5a6a15c94dbf079b459c11a8	https://zenodo.org/record/1466097/files/wgEncodeUwTfbsHreCtcfStdAlnRep0_train_gS_11_3_1.model.txt?download=1
Tfbs/Ctcf/Hrpe/Uw_Std	model_files/wgEncodeUwTfbsHrpeCtcfStdAlnRep1_train_gS_11_3_1.model.txt	eb3637041066ee904bbe37d2e9722cf7	https://zenodo.org/record/1466097/files/wgEncodeUwTfbsHrpeCtcfStdAlnRep1_train_gS_11_3_1.model.txt?download=1
Tfbs/Ctcf/Huvec/Uw_Std	model_files/wgEncodeUwTfbsHuvecCtcfStdAlnRep0_train_gS_11_3_1.model.txt	42a006a1a50cfe58abb97b3cf226f02d	https://zenodo.org/record/1466097/files/wgEncodeUwTfbsHuvecCtcfStdAlnRep0_train_gS_11_3_1.model.txt?download=1
Tfbs/Ctcf/K562/Uw_Std	model_files/wgEncodeUwTfbsK562CtcfStdAlnRep0_train_gS_11_3_1.model.txt	0294300feeea2415be5efe22bab0731f	https://zenodo.org/record/1466097/files/wgEncodeUwTfbsK562CtcfStdAlnRep0_train_gS_11_3_1.model.txt?download=1
Tfbs/Ctcf/Nhek/Uw_Std	model_files/wgEncodeUwTfbsNhekCtcfStdAlnRep0_train_gS_11_3_1.model.txt	5460d70d75cb00e9e79229b70a53fc5f	https://zenodo.org/record/1466097/files/wgEncodeUwTfbsNhekCtcfStdAlnRep0_train_gS_11_3_1.model.txt?download=1
Tfbs/Ctcf/Saec/Uw_Std	model_files/wgEncodeUwTfbsSaecCtcfStdAlnRep0_train_gS_11_3_1.model.txt	e012eee79c3436c35f5e53a865650264	https://zenodo.org/record/1466097/files/wgEncodeUwTfbsSaecCtcfStdAlnRep0_train_gS_11_3_1.model.txt?download=1
Tfbs/Ctcf/Sknshra/Haib_V0416102	model_files/wgEncodeHaibTfbsSknshraCtcfV0416102AlnRep0_train_gS_11_3_1.model.txt	bc8b966b1fa8c89c4506b513b0761bfe	https://zenodo.org/record/1466097/files/wgEncodeHaibTfbsSknshraCtcfV0416102AlnRep0_train_gS_11_3_1.model.txt?download=1
Tfbs/Ctcf/Sknshra/Uw_Std	model_files/wgEncodeUwTfbsSknshraCtcfStdAlnRep0_train_gS_11_3_1.model.txt	fb8519184bb75967875c460906d22e0a	https://zenodo.org/record/1466097/files/wgEncodeUwTfbsSknshraCtcfStdAlnRep0_train_gS_11_3_1.model.txt?download=1
Tfbs/Ctcf/Werirb1/Uw_Std	model_files/wgEncodeUwTfbsWerirb1CtcfStdAlnRep0_train_gS_11_3_1.model.txt	08b568766404af8cc2d40241858e9d1d	https://zenodo.org/record/1466097/files/wgEncodeUwTfbsWerirb1CtcfStdAlnRep0_train_gS_11_3_1.model.txt?download=1
Tfbs/Ctcfc20/Gm12878/Sydh_Std	model_files/wgEncodeSydhTfbsGm12878Ctcfc20StdAlnRep0_train_gS_11_3_1.model.txt	172dbb1db98f0b15dd350da96768a11c	https://zenodo.org/record/1466097/files/wgEncodeSydhTfbsGm12878Ctcfc20StdAlnRep0_train_gS_11_3_1.model.txt?download=1
Tfbs/Ctcflsc98982/K562/Haib_V0416101	model_files/wgEncodeHaibTfbsK562Ctcflsc98982V0416101AlnRep0_train_gS_11_3_1.model.txt	8e6ad5fc40bbf88f46e3b5b8b1b11cf8	https://zenodo.org/record/1466097/files/wgEncodeHaibTfbsK562Ctcflsc98982V0416101AlnRep0_train_gS_11_3_1.model.txt?download=1
Tfbs/Ctcfsc5916/H1hesc/Haib_V0416102	model_files/wgEncodeHaibTfbsH1hescCtcfsc5916V0416102AlnRep0_train_gS_11_3_1.model.txt	454c08ff3bbe80470e6fe9b605a0941a	https://zenodo.org/record/1466097/files/wgEncodeHaibTfbsH1hescCtcfsc5916V0416102AlnRep0_train_gS_11_3_1.model.txt?download=1
Tfbs/Ctcfsc5916/T47d/Haib_V0416102_Dmso2	model_files/wgEncodeHaibTfbsT47dCtcfsc5916V0416102Dmso2AlnRep0_train_gS_11_3_1.model.txt	d83f7093ea3657358f1757431586a930	https://zenodo.org/record/1466097/files/wgEncodeHaibTfbsT47dCtcfsc5916V0416102Dmso2AlnRep0_train_gS_11_3_1.model.txt?download=1
Tfbs/E2f6/K562b/Sydh_Ucd	model_files/wgEncodeSydhTfbsK562bE2f6UcdAlnRep0_train_gS_11_3_1.model.txt	d338f9888bb4a82a963899f1a4245c69	https://zenodo.org/record/1466097/files/wgEncodeSydhTfbsK562bE2f6UcdAlnRep0_train_gS_11_3_1.model.txt?download=1
Tfbs/E2f6h50/K562/Haib_V0416102	model_files/wgEncodeHaibTfbsK562E2f6h50V0416102AlnRep0_train_gS_11_3_1.model.txt	c8367d7bf45fc7fb555004ef8079d2b5	https://zenodo.org/record/1466097/files/wgEncodeHaibTfbsK562E2f6h50V0416102AlnRep0_train_gS_11_3_1.model.txt?download=1
Tfbs/Ebf/Gm12878/Haib_Pcr1x	model_files/wgEncodeHaibTfbsGm12878EbfPcr1xAlnRep0_train_gS_11_3_1.model.txt	0da93bc2d83f199063312095556c1a8d	https://zenodo.org/record/1466097/files/wgEncodeHaibTfbsGm12878EbfPcr1xAlnRep0_train_gS_11_3_1.model.txt?download=1
Tfbs/Ebf/Gm12878/Sydh_Std	model_files/wgEncodeSydhTfbsGm12878EbfStdAlnRep0_train_gS_11_3_1.model.txt	fc218185e3a5f38496c8c381385708f7	https://zenodo.org/record/1466097/files/wgEncodeSydhTfbsGm12878EbfStdAlnRep0_train_gS_11_3_1.model.txt?download=1
Tfbs/Ebf1c8/Gm12878/Haib_Pcr1x	model_files/wgEncodeHaibTfbsGm12878Ebf1c8Pcr1xAlnRep0_train_gS_11_3_1.model.txt	2ad844ec2d23b1237bde9052ea82a9e5	https://zenodo.org/record/1466097/files/wgEncodeHaibTfbsGm12878Ebf1c8Pcr1xAlnRep0_train_gS_11_3_1.model.txt?download=1
Tfbs/Efos/K562/Uchicago_Control	model_files/wgEncodeUchicagoTfbsK562EfosControlAlnRep0_train_gS_11_3_1.model.txt	0b765e7ca6a48ba2c40b1ce5b5219451	https://zenodo.org/record/1466097/files/wgEncodeUchicagoTfbsK562EfosControlAlnRep0_train_gS_11_3_1.model.txt?download=1
Tfbs/Egata2/K562/Uchicago_Control	model_files/wgEncodeUchicagoTfbsK562Egata2ControlAlnRep0_train_gS_11_3_1.model.txt	82fa6cbc6a3306ce1e25fdd0e4f904f4	https://zenodo.org/record/1466097/files/wgEncodeUchicagoTfbsK562Egata2ControlAlnRep0_train_gS_11_3_1.model.txt?download=1
Tfbs/Egr1/Gm12878/Haib_V0416101	model_files/wgEncodeHaibTfbsGm12878Egr1V0416101AlnRep0_train_gS_11_3_1.model.txt	552a516569b0cf83fe3e348816a84070	https://zenodo.org/record/1466097/files/wgEncodeHaibTfbsGm12878Egr1V0416101AlnRep0_train_gS_11_3_1.model.txt?download=1
Tfbs/Egr1/K562/Haib_V0416101	model_files/wgEncodeHaibTfbsK562Egr1V0416101AlnRep0_train_gS_11_3_1.model.txt	84185baf375bdfabef359071895b231c	https://zenodo.org/record/1466097/files/wgEncodeHaibTfbsK562Egr1V0416101AlnRep0_train_gS_11_3_1.model.txt?download=1
Tfbs/Ejunb/K562/Uchicago_Control	model_files/wgEncodeUchicagoTfbsK562EjunbControlAlnRep0_train_gS_11_3_1.model.txt	f24f3212c1ba7d04a4407f991ec84203	https://zenodo.org/record/1466097/files/wgEncodeUchicagoTfbsK562EjunbControlAlnRep0_train_gS_11_3_1.model.txt?download=1
Tfbs/Ejund/K562/Uchicago_Control	model_files/wgEncodeUchicagoTfbsK562EjundControlAlnRep0_train_gS_11_3_1.model.txt	8a0b367757fa8777e0acd38b73805541	https://zenodo.org/record/1466097/files/wgEncodeUchicagoTfbsK562EjundControlAlnRep0_train_gS_11_3_1.model.txt?download=1
Tfbs/Elf1sc631/Gm12878/Haib_V0416101	model_files/wgEncodeHaibTfbsGm12878Elf1sc631V0416101AlnRep0_train_gS_11_3_1.model.txt	05fcbc8df903d0f3affe2f882b317b98	https://zenodo.org/record/1466097/files/wgEncodeHaibTfbsGm12878Elf1sc631V0416101AlnRep0_train_gS_11_3_1.model.txt?download=1
Tfbs/Elf1sc631/Hepg2/Haib_V0416101	model_files/wgEncodeHaibTfbsHepg2Elf1sc631V0416101AlnRep0_train_gS_11_3_1.model.txt	a4ea11a50bd9321c3bc08892c145490e	https://zenodo.org/record/1466097/files/wgEncodeHaibTfbsHepg2Elf1sc631V0416101AlnRep0_train_gS_11_3_1.model.txt?download=1
Tfbs/Elf1sc631/K562/Haib_V0416102	model_files/wgEncodeHaibTfbsK562Elf1sc631V0416102AlnRep0_train_gS_11_3_1.model.txt	9b12e1b1e3c5c95b9ee606e846b598b0	https://zenodo.org/record/1466097/files/wgEncodeHaibTfbsK562Elf1sc631V0416102AlnRep0_train_gS_11_3_1.model.txt?download=1
Tfbs/Eralphaa/Ecc1/Haib_V0416102_Estradia1h	model_files/wgEncodeHaibTfbsEcc1EralphaaV0416102Estradia1hAlnRep0_train_gS_11_3_1.model.txt	7b62670fccc18f702861327a429836e3	https://zenodo.org/record/1466097/files/wgEncodeHaibTfbsEcc1EralphaaV0416102Estradia1hAlnRep0_train_gS_11_3_1.model.txt?download=1
Tfbs/Eralphaa/Ecc1/Haib_V0416102_Gen1h	model_files/wgEncodeHaibTfbsEcc1EralphaaV0416102Gen1hAlnRep0_train_gS_11_3_1.model.txt	566d090ac4e5fe7b3fbb087020bf30c3	https://zenodo.org/record/1466097/files/wgEncodeHaibTfbsEcc1EralphaaV0416102Gen1hAlnRep0_train_gS_11_3_1.model.txt?download=1
Tfbs/Eralphaa/T47d/Haib_Pcr2x_Gen1h	model_files/wgEncodeHaibTfbsT47dEralphaaPcr2xGen1hAlnRep0_train_gS_11_3_1.model.txt	48ae340c3d3767215463e3b2273e67ca	https://zenodo.org/record/1466097/files/wgEncodeHaibTfbsT47dEralphaaPcr2xGen1hAlnRep0_train_gS_11_3_1.model.txt?download=1
Tfbs/Eralphaa/T47d/Haib_V0416102_Estradia1h	model_files/wgEncodeHaibTfbsT47dEralphaaV0416102Estradia1hAlnRep0_train_gS_11_3_1.model.txt	29fcac6c713365aaee2bcf3ab61815c6	https://zenodo.org/record/1466097/files/wgEncodeHaibTfbsT47dEralphaaV0416102Estradia1hAlnRep0_train_gS_11_3_1.model.txt?download=1
Tfbs/Ets1/K562/Haib_V0416101	model_files/wgEncodeHaibTfbsK562Ets1V0416101AlnRep0_train_gS_11_3_1.model.txt	9525ed81be840db101014636d2657c1d	https://zenodo.org/record/1466097/files/wgEncodeHaibTfbsK562Ets1V0416101AlnRep0_train_gS_11_3_1.model.txt?download=1
Tfbs/Fosl1sc183/K562/Haib_V0416101	model_files/wgEncodeHaibTfbsK562Fosl1sc183V0416101AlnRep0_train_gS_11_3_1.model.txt	4c70fe4acbf06009bfe48be2958faa63	https://zenodo.org/record/1466097/files/wgEncodeHaibTfbsK562Fosl1sc183V0416101AlnRep0_train_gS_11_3_1.model.txt?download=1
Tfbs/Fosl2/Hepg2/Haib_Pcr1x	model_files/wgEncodeHaibTfbsHepg2Fosl2Pcr1xAlnRep0_train_gS_11_3_1.model.txt	39d09533a5254969783eaf283ff9b87b	https://zenodo.org/record/1466097/files/wgEncodeHaibTfbsHepg2Fosl2Pcr1xAlnRep0_train_gS_11_3_1.model.txt?download=1
Tfbs/Foxa1c20/Hepg2/Haib_Pcr1x	model_files/wgEncodeHaibTfbsHepg2Foxa1c20Pcr1xAlnRep0_train_gS_11_3_1.model.txt	d3288fd5143fa5a162aa1e6d85312f69	https://zenodo.org/record/1466097/files/wgEncodeHaibTfbsHepg2Foxa1c20Pcr1xAlnRep0_train_gS_11_3_1.model.txt?download=1
Tfbs/Foxa1c20/T47d/Haib_V0416102_Dmso2	model_files/wgEncodeHaibTfbsT47dFoxa1c20V0416102Dmso2AlnRep0_train_gS_11_3_1.model.txt	3e2f81264e45ed2e4b69550442253e37	https://zenodo.org/record/1466097/files/wgEncodeHaibTfbsT47dFoxa1c20V0416102Dmso2AlnRep0_train_gS_11_3_1.model.txt?download=1
Tfbs/Foxa1sc101058/Hepg2/Haib_Pcr1x	model_files/wgEncodeHaibTfbsHepg2Foxa1sc101058Pcr1xAlnRep0_train_gS_11_3_1.model.txt	f758af20d19f3dbc12622d9aacb81134	https://zenodo.org/record/1466097/files/wgEncodeHaibTfbsHepg2Foxa1sc101058Pcr1xAlnRep0_train_gS_11_3_1.model.txt?download=1
Tfbs/Foxa2sc6554/Hepg2/Haib_V0416101	model_files/wgEncodeHaibTfbsHepg2Foxa2sc6554V0416101AlnRep0_train_gS_11_3_1.model.txt	dfb2138d311e6698e2dc6b4af7288c6d	https://zenodo.org/record/1466097/files/wgEncodeHaibTfbsHepg2Foxa2sc6554V0416101AlnRep0_train_gS_11_3_1.model.txt?download=1
Tfbs/Gabp/Hepg2/Haib_Pcr2x	model_files/wgEncodeHaibTfbsHepg2GabpPcr2xAlnRep0_train_gS_11_3_1.model.txt	09c1a62c13cc9518893a064a80443ebf	https://zenodo.org/record/1466097/files/wgEncodeHaibTfbsHepg2GabpPcr2xAlnRep0_train_gS_11_3_1.model.txt?download=1
Tfbs/Gabp/K562/Haib_V0416101	model_files/wgEncodeHaibTfbsK562GabpV0416101AlnRep0_train_gS_11_3_1.model.txt	f3a133af9dfad192f03c163fe1f1252f	https://zenodo.org/record/1466097/files/wgEncodeHaibTfbsK562GabpV0416101AlnRep0_train_gS_11_3_1.model.txt?download=1
Tfbs/Gata1/Pbde/Sydh_Ucd	model_files/wgEncodeSydhTfbsPbdeGata1UcdAlnRep0_train_gS_11_3_1.model.txt	3a7e759fa62382e3952187001f665e87	https://zenodo.org/record/1466097/files/wgEncodeSydhTfbsPbdeGata1UcdAlnRep0_train_gS_11_3_1.model.txt?download=1
Tfbs/Gata2/Huvec/Sydh_Ucd	model_files/wgEncodeSydhTfbsHuvecGata2UcdAlnRep0_train_gS_11_3_1.model.txt	3cc21c02dd8d025e4d2c1ae870188da0	https://zenodo.org/record/1466097/files/wgEncodeSydhTfbsHuvecGata2UcdAlnRep0_train_gS_11_3_1.model.txt?download=1
Tfbs/Gata2/K562b/Sydh_Ucd	model_files/wgEncodeSydhTfbsK562bGata2UcdAlnRep0_train_gS_11_3_1.model.txt	c730ec5af780e85331a1c956a26249d6	https://zenodo.org/record/1466097/files/wgEncodeSydhTfbsK562bGata2UcdAlnRep0_train_gS_11_3_1.model.txt?download=1
Tfbs/Gata2/Shsy5y/Sydh_Ucd	model_files/wgEncodeSydhTfbsShsy5yGata2UcdAlnRep0_train_gS_11_3_1.model.txt	737a28708327456a83655f393f59890d	https://zenodo.org/record/1466097/files/wgEncodeSydhTfbsShsy5yGata2UcdAlnRep0_train_gS_11_3_1.model.txt?download=1
Tfbs/Gata2cg2/K562/Haib_Pcr1x	model_files/wgEncodeHaibTfbsK562Gata2cg2Pcr1xAlnRep0_train_gS_11_3_1.model.txt	ec4d48dbe76505f3057012e1d715acf1	https://zenodo.org/record/1466097/files/wgEncodeHaibTfbsK562Gata2cg2Pcr1xAlnRep0_train_gS_11_3_1.model.txt?download=1
Tfbs/Gata3sc268/T47d/Haib_V0416102_Dmso2	model_files/wgEncodeHaibTfbsT47dGata3sc268V0416102Dmso2AlnRep0_train_gS_11_3_1.model.txt	095a7b41ead878180da3d2363905dac8	https://zenodo.org/record/1466097/files/wgEncodeHaibTfbsT47dGata3sc268V0416102Dmso2AlnRep0_train_gS_11_3_1.model.txt?download=1
Tfbs/Gr/A549/Haib_Pcr1x_Dexb	model_files/wgEncodeHaibTfbsA549GrPcr1xDexbAlnRep0_train_gS_11_3_1.model.txt	d5a0586a9e24e87945f99de246738a6a	https://zenodo.org/record/1466097/files/wgEncodeHaibTfbsA549GrPcr1xDexbAlnRep0_train_gS_11_3_1.model.txt?download=1
Tfbs/Gr/A549/Haib_Pcr1x_Dexc	model_files/wgEncodeHaibTfbsA549GrPcr1xDexcAlnRep0_train_gS_11_3_1.model.txt	6a61e3b1db3158bb4e38287c55e681c8	https://zenodo.org/record/1466097/files/wgEncodeHaibTfbsA549GrPcr1xDexcAlnRep0_train_gS_11_3_1.model.txt?download=1
Tfbs/Gr/A549/Haib_Pcr2x_Dexa	model_files/wgEncodeHaibTfbsA549GrPcr2xDexaAlnRep0_train_gS_11_3_1.model.txt	064eab46fd5cad45b37d4edfe9295cad	https://zenodo.org/record/1466097/files/wgEncodeHaibTfbsA549GrPcr2xDexaAlnRep0_train_gS_11_3_1.model.txt?download=1
Tfbs/Gr/Ecc1/Haib_V0416102_Dexa	model_files/wgEncodeHaibTfbsEcc1GrV0416102DexaAlnRep0_train_gS_11_3_1.model.txt	f4c0e553afd040d7768bb0e9fa9be161	https://zenodo.org/record/1466097/files/wgEncodeHaibTfbsEcc1GrV0416102DexaAlnRep0_train_gS_11_3_1.model.txt?download=1
Tfbs/Gtf2f1rap/Helas3/Sydh_Iggrab	model_files/wgEncodeSydhTfbsHelas3Gtf2f1rapIggrabAlnRep0_train_gS_11_3_1.model.txt	d4b09674bf8c513d3ae0c1d4824d3164	https://zenodo.org/record/1466097/files/wgEncodeSydhTfbsHelas3Gtf2f1rapIggrabAlnRep0_train_gS_11_3_1.model.txt?download=1
Tfbs/Hae2f1/Helas3/Sydh_Std	model_files/wgEncodeSydhTfbsHelas3Hae2f1StdAlnRep0_train_gS_11_3_1.model.txt	80143e2cdb0182eae1011a4c5e8bfae7	https://zenodo.org/record/1466097/files/wgEncodeSydhTfbsHelas3Hae2f1StdAlnRep0_train_gS_11_3_1.model.txt?download=1
Tfbs/Hae2f1/Mcf7/Sydh_Ucd	model_files/wgEncodeSydhTfbsMcf7Hae2f1UcdAlnRep0_train_gS_11_3_1.model.txt	58bd82febcce994ee18c16ba8a1a2b3f	https://zenodo.org/record/1466097/files/wgEncodeSydhTfbsMcf7Hae2f1UcdAlnRep0_train_gS_11_3_1.model.txt?download=1
Tfbs/Hdac2sc6296/Hepg2/Haib_V0416101	model_files/wgEncodeHaibTfbsHepg2Hdac2sc6296V0416101AlnRep0_train_gS_11_3_1.model.txt	27f1e2d960ba777f92cf916e0ad058f4	https://zenodo.org/record/1466097/files/wgEncodeHaibTfbsHepg2Hdac2sc6296V0416101AlnRep0_train_gS_11_3_1.model.txt?download=1
Tfbs/Hdac2sc6296/K562/Haib_V0416102	model_files/wgEncodeHaibTfbsK562Hdac2sc6296V0416102AlnRep0_train_gS_11_3_1.model.txt	de4b496e060ff68425a58836e6d5e07d	https://zenodo.org/record/1466097/files/wgEncodeHaibTfbsK562Hdac2sc6296V0416102AlnRep0_train_gS_11_3_1.model.txt?download=1
Tfbs/Hey1/Hepg2/Haib_V0416101	model_files/wgEncodeHaibTfbsHepg2Hey1V0416101AlnRep0_train_gS_11_3_1.model.txt	58d9c59cd49ef0a1597aca8747abb18e	https://zenodo.org/record/1466097/files/wgEncodeHaibTfbsHepg2Hey1V0416101AlnRep0_train_gS_11_3_1.model.txt?download=1
Tfbs/Hey1/K562/Haib_Pcr1x	model_files/wgEncodeHaibTfbsK562Hey1Pcr1xAlnRep0_train_gS_11_3_1.model.txt	69fe4b0996af04c28d6d97800c3515e1	https://zenodo.org/record/1466097/files/wgEncodeHaibTfbsK562Hey1Pcr1xAlnRep0_train_gS_11_3_1.model.txt?download=1
Tfbs/Hmgn3/K562/Sydh_Std	model_files/wgEncodeSydhTfbsK562Hmgn3StdAlnRep0_train_gS_11_3_1.model.txt	e62a502b2bf261f81062eeffb97a0971	https://zenodo.org/record/1466097/files/wgEncodeSydhTfbsK562Hmgn3StdAlnRep0_train_gS_11_3_1.model.txt?download=1
Tfbs/Hnf4a/Hepg2/Sydh_Forskln_Std	model_files/wgEncodeSydhTfbsHepg2Hnf4aForsklnStdAlnRep0_train_gS_11_3_1.model.txt	08ff47c23fed49997ce7b39835d2cb53	https://zenodo.org/record/1466097/files/wgEncodeSydhTfbsHepg2Hnf4aForsklnStdAlnRep0_train_gS_11_3_1.model.txt?download=1
Tfbs/Hnf4ah171/Hepg2/Haib_Pcr1x	model_files/wgEncodeHaibTfbsHepg2Hnf4ah171Pcr1xAlnRep0_train_gS_11_3_1.model.txt	6d1ef2834f77ce8b03552ba5b6be9373	https://zenodo.org/record/1466097/files/wgEncodeHaibTfbsHepg2Hnf4ah171Pcr1xAlnRep0_train_gS_11_3_1.model.txt?download=1
Tfbs/Hnf4gsc6558/Hepg2/Haib_V0416101	model_files/wgEncodeHaibTfbsHepg2Hnf4gsc6558V0416101AlnRep0_train_gS_11_3_1.model.txt	b43eae7cb9e7d49643339f153808b5d6	https://zenodo.org/record/1466097/files/wgEncodeHaibTfbsHepg2Hnf4gsc6558V0416101AlnRep0_train_gS_11_3_1.model.txt?download=1
Tfbs/Irf1/K562/Sydh_Ifng6h_Std	model_files/wgEncodeSydhTfbsK562Irf1Ifng6hStdAlnRep0_train_gS_11_3_1.model.txt	c557bea3b7997f1a0a987304776adbb7	https://zenodo.org/record/1466097/files/wgEncodeSydhTfbsK562Irf1Ifng6hStdAlnRep0_train_gS_11_3_1.model.txt?download=1
Tfbs/Irf4/Gm12878/Haib_Pcr1x	model_files/wgEncodeHaibTfbsGm12878Irf4Pcr1xAlnRep0_train_gS_11_3_1.model.txt	f4feb122338078fc0cada018a4a3e051	https://zenodo.org/record/1466097/files/wgEncodeHaibTfbsGm12878Irf4Pcr1xAlnRep0_train_gS_11_3_1.model.txt?download=1
Tfbs/Irf4m17/Gm12878/Haib_Pcr1x	model_files/wgEncodeHaibTfbsGm12878Irf4m17Pcr1xAlnRep0_train_gS_11_3_1.model.txt	08d5760d9271f766ce1d4d3fcea6f55c	https://zenodo.org/record/1466097/files/wgEncodeHaibTfbsGm12878Irf4m17Pcr1xAlnRep0_train_gS_11_3_1.model.txt?download=1
Tfbs/Jund/H1hesc/Haib_V0416102	model_files/wgEncodeHaibTfbsH1hescJundV0416102AlnRep0_train_gS_11_3_1.model.txt	3feda6b9ad00d83d4b436c483e469a10	https://zenodo.org/record/1466097/files/wgEncodeHaibTfbsH1hescJundV0416102AlnRep0_train_gS_11_3_1.model.txt?download=1
Tfbs/Jund/Helas3/Sydh_Iggrab	model_files/wgEncodeSydhTfbsHelas3JundIggrabAlnRep0_train_gS_11_3_1.model.txt	3b379da5378d1cc3ea1d003740a5cb2d	https://zenodo.org/record/1466097/files/wgEncodeSydhTfbsHelas3JundIggrabAlnRep0_train_gS_11_3_1.model.txt?download=1
Tfbs/Jund/Hepg2/Haib_Pcr1x	model_files/wgEncodeHaibTfbsHepg2JundPcr1xAlnRep0_train_gS_11_3_1.model.txt	1a2c60a0344fe701c8c3d533db72de37	https://zenodo.org/record/1466097/files/wgEncodeHaibTfbsHepg2JundPcr1xAlnRep0_train_gS_11_3_1.model.txt?download=1
Tfbs/Jund/Hepg2/Sydh_Iggrab	model_files/wgEncodeSydhTfbsHepg2JundIggrabAlnRep0_train_gS_11_3_1.model.txt	8cd4b9629c5ee43e5037b36bffb0f1eb	https://zenodo.org/record/1466097/files/wgEncodeSydhTfbsHepg2JundIggrabAlnRep0_train_gS_11_3_1.model.txt?download=1
Tfbs/Kap1/Hek293b/Sydh_Ucd	model_files/wgEncodeSydhTfbsHek293bKap1UcdAlnRep0_train_gS_11_3_1.model.txt	b6d15508d558da7de58b2bf0599ac146	https://zenodo.org/record/1466097/files/wgEncodeSydhTfbsHek293bKap1UcdAlnRep0_train_gS_11_3_1.model.txt?download=1
Tfbs/Kap1/U2os/Sydh_Ucd	model_files/wgEncodeSydhTfbsU2osKap1UcdAlnRep0_train_gS_11_3_1.model.txt	288bf003b3fc5df8e7340fce43ba3204	https://zenodo.org/record/1466097/files/wgEncodeSydhTfbsU2osKap1UcdAlnRep0_train_gS_11_3_1.model.txt?download=1
Tfbs/Maffm8194/Hepg2/Sydh_Iggrab	model_files/wgEncodeSydhTfbsHepg2Maffm8194IggrabAlnRep0_train_gS_11_3_1.model.txt	b1b0070f3ea4f7edd489a76b0f5da1da	https://zenodo.org/record/1466097/files/wgEncodeSydhTfbsHepg2Maffm8194IggrabAlnRep0_train_gS_11_3_1.model.txt?download=1
Tfbs/Mafkab50322/Hepg2/Sydh_Iggrab	model_files/wgEncodeSydhTfbsHepg2Mafkab50322IggrabAlnRep0_train_gS_11_3_1.model.txt	15a3897874702989992623213c37417d	https://zenodo.org/record/1466097/files/wgEncodeSydhTfbsHepg2Mafkab50322IggrabAlnRep0_train_gS_11_3_1.model.txt?download=1
Tfbs/Mafkab50322/K562/Sydh_Iggrab	model_files/wgEncodeSydhTfbsK562Mafkab50322IggrabAlnRep0_train_gS_11_3_1.model.txt	166069750655af2db6ecf9deaf299b28	https://zenodo.org/record/1466097/files/wgEncodeSydhTfbsK562Mafkab50322IggrabAlnRep0_train_gS_11_3_1.model.txt?download=1
Tfbs/Mafksc477/Hepg2/Sydh_Iggrab	model_files/wgEncodeSydhTfbsHepg2Mafksc477IggrabAlnRep0_train_gS_11_3_1.model.txt	2b668b292aa924e79443bb5503a5c0c2	https://zenodo.org/record/1466097/files/wgEncodeSydhTfbsHepg2Mafksc477IggrabAlnRep0_train_gS_11_3_1.model.txt?download=1
Tfbs/Max/H1hesc/Sydh_Ucd	model_files/wgEncodeSydhTfbsH1hescMaxUcdAlnRep0_train_gS_11_3_1.model.txt	0ca28e1fdffbb3f317c8780e783aa421	https://zenodo.org/record/1466097/files/wgEncodeSydhTfbsH1hescMaxUcdAlnRep0_train_gS_11_3_1.model.txt?download=1
Tfbs/Max/Helas3/Sydh_Std	model_files/wgEncodeSydhTfbsHelas3MaxStdAlnRep0_train_gS_11_3_1.model.txt	868e656b7baf735728d4e78b53454ad1	https://zenodo.org/record/1466097/files/wgEncodeSydhTfbsHelas3MaxStdAlnRep0_train_gS_11_3_1.model.txt?download=1
Tfbs/Max/Huvec/Sydh_Std	model_files/wgEncodeSydhTfbsHuvecMaxStdAlnRep0_train_gS_11_3_1.model.txt	6ee81b13d63421ebaca666067200a984	https://zenodo.org/record/1466097/files/wgEncodeSydhTfbsHuvecMaxStdAlnRep0_train_gS_11_3_1.model.txt?download=1
Tfbs/Max/K562/Haib_V0416102	model_files/wgEncodeHaibTfbsK562MaxV0416102AlnRep0_train_gS_11_3_1.model.txt	6080dc2c3bf1882878f5234a64e54ae4	https://zenodo.org/record/1466097/files/wgEncodeHaibTfbsK562MaxV0416102AlnRep0_train_gS_11_3_1.model.txt?download=1
Tfbs/Max/Nb4/Sydh_Std	model_files/wgEncodeSydhTfbsNb4MaxStdAlnRep0_train_gS_11_3_1.model.txt	957cf9ad8205780442aad6e44facf4a6	https://zenodo.org/record/1466097/files/wgEncodeSydhTfbsNb4MaxStdAlnRep0_train_gS_11_3_1.model.txt?download=1
Tfbs/Mef2a/Gm12878/Haib_Pcr1x	model_files/wgEncodeHaibTfbsGm12878Mef2aPcr1xAlnRep0_train_gS_11_3_1.model.txt	800c089253a417f3abecc57f9cbb2fd2	https://zenodo.org/record/1466097/files/wgEncodeHaibTfbsGm12878Mef2aPcr1xAlnRep0_train_gS_11_3_1.model.txt?download=1
Tfbs/Mef2csc13268/Gm12878/Haib_Pcr1x	model_files/wgEncodeHaibTfbsGm12878Mef2csc13268Pcr1xAlnRep0_train_gS_11_3_1.model.txt	4066be906419d7ead6cad2543f33a1ae	https://zenodo.org/record/1466097/files/wgEncodeHaibTfbsGm12878Mef2csc13268Pcr1xAlnRep0_train_gS_11_3_1.model.txt?download=1
Tfbs/Mxi1bhlh/Helas3/Sydh_Iggrab	model_files/wgEncodeSydhTfbsHelas3Mxi1bhlhIggrabAlnRep0_train_gS_11_3_1.model.txt	8e1cc855f5c88ffe20091f26ec66e1f8	https://zenodo.org/record/1466097/files/wgEncodeSydhTfbsHelas3Mxi1bhlhIggrabAlnRep0_train_gS_11_3_1.model.txt?download=1
Tfbs/Nanogsc33759/H1hesc/Haib_V0416102	model_files/wgEncodeHaibTfbsH1hescNanogsc33759V0416102AlnRep0_train_gS_11_3_1.model.txt	d8405363fb73307fa96ae674b7104632	https://zenodo.org/record/1466097/files/wgEncodeHaibTfbsH1hescNanogsc33759V0416102AlnRep0_train_gS_11_3_1.model.txt?download=1
Tfbs/Nfkb/Gm12878/Sydh_Iggrab	model_files/wgEncodeSydhTfbsGm12878NfkbIggrabAlnRep0_train_gS_11_3_1.model.txt	ae5041206616532125b70783b067089e	https://zenodo.org/record/1466097/files/wgEncodeSydhTfbsGm12878NfkbIggrabAlnRep0_train_gS_11_3_1.model.txt?download=1
Tfbs/Nfkb/Gm12878/Sydh_Tnfa_Std	model_files/wgEncodeSydhTfbsGm12878NfkbTnfaStdAlnRep0_train_gS_11_3_1.model.txt	5541c2a78d779d49f948358142115775	https://zenodo.org/record/1466097/files/wgEncodeSydhTfbsGm12878NfkbTnfaStdAlnRep0_train_gS_11_3_1.model.txt?download=1
Tfbs/Nfkb/Gm12891/Sydh_Iggrab	model_files/wgEncodeSydhTfbsGm12891NfkbIggrabAlnRep0_train_gS_11_3_1.model.txt	937aff30feecb8eade4e116f42d7e2f0	https://zenodo.org/record/1466097/files/wgEncodeSydhTfbsGm12891NfkbIggrabAlnRep0_train_gS_11_3_1.model.txt?download=1
Tfbs/Nfkb/Gm15510/Sydh_Iggrab	model_files/wgEncodeSydhTfbsGm15510NfkbIggrabAlnRep0_train_gS_11_3_1.model.txt	77239f13d26c5a8111bcb61e5a18a60a	https://zenodo.org/record/1466097/files/wgEncodeSydhTfbsGm15510NfkbIggrabAlnRep0_train_gS_11_3_1.model.txt?download=1
Tfbs/Nfkb/Gm18505/Sydh_Iggrab	model_files/wgEncodeSydhTfbsGm18505NfkbIggrabAlnRep0_train_gS_11_3_1.model.txt	e31e467f8be4f15710011f5c32c19061	https://zenodo.org/record/1466097/files/wgEncodeSydhTfbsGm18505NfkbIggrabAlnRep0_train_gS_11_3_1.model.txt?download=1
Tfbs/Nfkb/Gm18951/Sydh_Iggrab	model_files/wgEncodeSydhTfbsGm18951NfkbIggrabAlnRep0_train_gS_11_3_1.model.txt	18e88d45e59d762d29faf976375a23f4	https://zenodo.org/record/1466097/files/wgEncodeSydhTfbsGm18951NfkbIggrabAlnRep0_train_gS_11_3_1.model.txt?download=1
Tfbs/Nfya/K562/Sydh_Std	model_files/wgEncodeSydhTfbsK562NfyaStdAlnRep0_train_gS_11_3_1.model.txt	2a4afb27ae517df526d128f5ce558fe4	https://zenodo.org/record/1466097/files/wgEncodeSydhTfbsK562NfyaStdAlnRep0_train_gS_11_3_1.model.txt?download=1
Tfbs/Nfyb/K562/Sydh_Std	model_files/wgEncodeSydhTfbsK562NfybStdAlnRep0_train_gS_11_3_1.model.txt	52d642e65aa329d464a19bead4964d3c	https://zenodo.org/record/1466097/files/wgEncodeSydhTfbsK562NfybStdAlnRep0_train_gS_11_3_1.model.txt?download=1
Tfbs/Nrsf/H1hesc/Haib_Pcr1x	model_files/wgEncodeHaibTfbsH1hescNrsfPcr1xAlnRep0_train_gS_11_3_1.model.txt	16c18a879b0d5ff56cb406202c87323e	https://zenodo.org/record/1466097/files/wgEncodeHaibTfbsH1hescNrsfPcr1xAlnRep0_train_gS_11_3_1.model.txt?download=1
Tfbs/Nrsf/H1hesc/Haib_V0416102	model_files/wgEncodeHaibTfbsH1hescNrsfV0416102AlnRep0_train_gS_11_3_1.model.txt	1982688461f805fd2b78716de6f4f667	https://zenodo.org/record/1466097/files/wgEncodeHaibTfbsH1hescNrsfV0416102AlnRep0_train_gS_11_3_1.model.txt?download=1
Tfbs/Nrsf/Helas3/Haib_Pcr1x	model_files/wgEncodeHaibTfbsHelas3NrsfPcr1xAlnRep0_train_gS_11_3_1.model.txt	2dd6b6693ea907dead8fbfe4a1036024	https://zenodo.org/record/1466097/files/wgEncodeHaibTfbsHelas3NrsfPcr1xAlnRep0_train_gS_11_3_1.model.txt?download=1
Tfbs/Nrsf/Htb11/Haib_Pcr2x	model_files/wgEncodeHaibTfbsHtb11NrsfPcr2xAlnRep0_train_gS_11_3_1.model.txt	7f3faf338e47301e397fb460a4743d11	https://zenodo.org/record/1466097/files/wgEncodeHaibTfbsHtb11NrsfPcr2xAlnRep0_train_gS_11_3_1.model.txt?download=1
Tfbs/Nrsf/K562/Haib_V0416102	model_files/wgEncodeHaibTfbsK562NrsfV0416102AlnRep0_train_gS_11_3_1.model.txt	105f9edf2e8845837bcaaec87d600ac7	https://zenodo.org/record/1466097/files/wgEncodeHaibTfbsK562NrsfV0416102AlnRep0_train_gS_11_3_1.model.txt?download=1
Tfbs/Oct2/Gm12878/Haib_Pcr1x	model_files/wgEncodeHaibTfbsGm12878Oct2Pcr1xAlnRep0_train_gS_11_3_1.model.txt	c1c82382a7f0dda503f08e7b19a0f61a	https://zenodo.org/record/1466097/files/wgEncodeHaibTfbsGm12878Oct2Pcr1xAlnRep0_train_gS_11_3_1.model.txt?download=1
Tfbs/Oct2/Gm12891/Haib_Pcr1x	model_files/wgEncodeHaibTfbsGm12891Oct2Pcr1xAlnRep0_train_gS_11_3_1.model.txt	474520feab4e8070a6c700f82ab906ea	https://zenodo.org/record/1466097/files/wgEncodeHaibTfbsGm12891Oct2Pcr1xAlnRep0_train_gS_11_3_1.model.txt?download=1
Tfbs/P300/Hepg2/Haib_Pcr1x	model_files/wgEncodeHaibTfbsHepg2P300Pcr1xAlnRep0_train_gS_11_3_1.model.txt	be299cf23510b89b940a6168974d12e0	https://zenodo.org/record/1466097/files/wgEncodeHaibTfbsHepg2P300Pcr1xAlnRep0_train_gS_11_3_1.model.txt?download=1
Tfbs/P300/Hepg2/Haib_V0416101	model_files/wgEncodeHaibTfbsHepg2P300V0416101AlnRep0_train_gS_11_3_1.model.txt	4cc6c00fa59f7012a5c547c9140ab6d8	https://zenodo.org/record/1466097/files/wgEncodeHaibTfbsHepg2P300V0416101AlnRep0_train_gS_11_3_1.model.txt?download=1
Tfbs/P300/Sknshra/Haib_V0416102	model_files/wgEncodeHaibTfbsSknshraP300V0416102AlnRep0_train_gS_11_3_1.model.txt	169a73f1adb27a5ea18aa3e385684ef6	https://zenodo.org/record/1466097/files/wgEncodeHaibTfbsSknshraP300V0416102AlnRep0_train_gS_11_3_1.model.txt?download=1
Tfbs/P300/T47d/Haib_V0416102_Dmso2	model_files/wgEncodeHaibTfbsT47dP300V0416102Dmso2AlnRep0_train_gS_11_3_1.model.txt	2768a20f6483d465314eb463fdd702ad	https://zenodo.org/record/1466097/files/wgEncodeHaibTfbsT47dP300V0416102Dmso2AlnRep0_train_gS_11_3_1.model.txt?download=1
Tfbs/P300n15/Helas3/Sydh_Iggrab	model_files/wgEncodeSydhTfbsHelas3P300n15IggrabAlnRep0_train_gS_11_3_1.model.txt	cdddb61aca4a35d8be7b67d3683db830	https://zenodo.org/record/1466097/files/wgEncodeSydhTfbsHelas3P300n15IggrabAlnRep0_train_gS_11_3_1.model.txt?download=1
Tfbs/Pax5c20/Gm12878/Haib_Pcr1x	model_files/wgEncodeHaibTfbsGm12878Pax5c20Pcr1xAlnRep0_train_gS_11_3_1.model.txt	9ca92ad54d9380d0e52820004c82347f	https://zenodo.org/record/1466097/files/wgEncodeHaibTfbsGm12878Pax5c20Pcr1xAlnRep0_train_gS_11_3_1.model.txt?download=1
Tfbs/Pax5c20/Gm12892/Haib_Pcr1x	model_files/wgEncodeHaibTfbsGm12892Pax5c20Pcr1xAlnRep0_train_gS_11_3_1.model.txt	c463978b98b7ad09a3165123b5a62414	https://zenodo.org/record/1466097/files/wgEncodeHaibTfbsGm12892Pax5c20Pcr1xAlnRep0_train_gS_11_3_1.model.txt?download=1
Tfbs/Pax5n19/Gm12878/Haib_Pcr1x	model_files/wgEncodeHaibTfbsGm12878Pax5n19Pcr1xAlnRep0_train_gS_11_3_1.model.txt	821050b78bf9214c7f9d2c79e23ade0c	https://zenodo.org/record/1466097/files/wgEncodeHaibTfbsGm12878Pax5n19Pcr1xAlnRep0_train_gS_11_3_1.model.txt?download=1
Tfbs/Pbx3/Gm12878/Haib_Pcr1x	model_files/wgEncodeHaibTfbsGm12878Pbx3Pcr1xAlnRep0_train_gS_11_3_1.model.txt	0a751ece1b8953b4a10a137e7a10c9e9	https://zenodo.org/record/1466097/files/wgEncodeHaibTfbsGm12878Pbx3Pcr1xAlnRep0_train_gS_11_3_1.model.txt?download=1
Tfbs/Pol2/A549/Haib_Pcr2x_Dexa	model_files/wgEncodeHaibTfbsA549Pol2Pcr2xDexaAlnRep0_train_gS_11_3_1.model.txt	f9a19df70b3e2de9b928d323a1702982	https://zenodo.org/record/1466097/files/wgEncodeHaibTfbsA549Pol2Pcr2xDexaAlnRep0_train_gS_11_3_1.model.txt?download=1
Tfbs/Pol2/A549/Haib_Pcr2x_Etoh02	model_files/wgEncodeHaibTfbsA549Pol2Pcr2xEtoh02AlnRep0_train_gS_11_3_1.model.txt	0d451c15f8eaaef9b1683561966d163c	https://zenodo.org/record/1466097/files/wgEncodeHaibTfbsA549Pol2Pcr2xEtoh02AlnRep0_train_gS_11_3_1.model.txt?download=1
Tfbs/Pol2/Ecc1/Haib_V0416102_Dmso2	model_files/wgEncodeHaibTfbsEcc1Pol2V0416102Dmso2AlnRep0_train_gS_11_3_1.model.txt	8464a0baa45b0ead24423eb5aa11a9ce	https://zenodo.org/record/1466097/files/wgEncodeHaibTfbsEcc1Pol2V0416102Dmso2AlnRep0_train_gS_11_3_1.model.txt?download=1
Tfbs/Pol2/Gm10847/Sydh_Iggmus	model_files/wgEncodeSydhTfbsGm10847Pol2IggmusAlnRep1_train_gS_11_3_1.model.txt	8d76d3c9ad58258276096b3e3eeb34cf	https://zenodo.org/record/1466097/files/wgEncodeSydhTfbsGm10847Pol2IggmusAlnRep1_train_gS_11_3_1.model.txt?download=1
Tfbs/Pol2/Gm12878/Haib_Pcr2x	model_files/wgEncodeHaibTfbsGm12878Pol2Pcr2xAlnRep0_train_gS_11_3_1.model.txt	8911a54d0e983586d7ca07ae4e21d700	https://zenodo.org/record/1466097/files/wgEncodeHaibTfbsGm12878Pol2Pcr2xAlnRep0_train_gS_11_3_1.model.txt?download=1
Tfbs/Pol2/Gm12878/Sydh_Iggmus	model_files/wgEncodeSydhTfbsGm12878Pol2IggmusAlnRep0_train_gS_11_3_1.model.txt	861c191e790975fb7ea842c54e66e8ec	https://zenodo.org/record/1466097/files/wgEncodeSydhTfbsGm12878Pol2IggmusAlnRep0_train_gS_11_3_1.model.txt?download=1
Tfbs/Pol2/Gm12878/Sydh_Std	model_files/wgEncodeSydhTfbsGm12878Pol2StdAlnRep0_train_gS_11_3_1.model.txt	83bc28fb401ca58a7297dba9c2dccb4e	https://zenodo.org/record/1466097/files/wgEncodeSydhTfbsGm12878Pol2StdAlnRep0_train_gS_11_3_1.model.txt?download=1
Tfbs/Pol2/Gm12891/Haib_Pcr1x	model_files/wgEncodeHaibTfbsGm12891Pol2Pcr1xAlnRep0_train_gS_11_3_1.model.txt	07254155ca05060b19dab5bb522161fa	https://zenodo.org/record/1466097/files/wgEncodeHaibTfbsGm12891Pol2Pcr1xAlnRep0_train_gS_11_3_1.model.txt?download=1
Tfbs/Pol2/Gm12891/Sydh_Iggmus	model_files/wgEncodeSydhTfbsGm12891Pol2IggmusAlnRep0_train_gS_11_3_1.model.txt	beb8b66decaa05d5c6de438723d62c07	https://zenodo.org/record/1466097/files/wgEncodeSydhTfbsGm12891Pol2IggmusAlnRep0_train_gS_11_3_1.model.txt?download=1
Tfbs/Pol2/Gm12892/Haib_Pcr1x	model_files/wgEncodeHaibTfbsGm12892Pol2Pcr1xAlnRep0_train_gS_11_3_1.model.txt	c368fe5402c4c16ce62ffb90e51fb6cf	https://zenodo.org/record/1466097/files/wgEncodeHaibTfbsGm12892Pol2Pcr1xAlnRep0_train_gS_11_3_1.model.txt?download=1
Tfbs/Pol2/Gm12892/Haib_V0416102	model_files/wgEncodeHaibTfbsGm12892Pol2V0416102AlnRep0_train_gS_11_3_1.model.txt	cd41bb76e610af0d3fa93bf641604bd7	https://zenodo.org/record/1466097/files/wgEncodeHaibTfbsGm12892Pol2V0416102AlnRep0_train_gS_11_3_1.model.txt?download=1
Tfbs/Pol2/Gm12892/Sydh_Iggmus	model_files/wgEncodeSydhTfbsGm12892Pol2IggmusAlnRep0_train_gS_11_3_1.model.txt	e4bcd852ea93832b6d3e960f01e20f4e	https://zenodo.org/record/1466097/files/wgEncodeSydhTfbsGm12892Pol2IggmusAlnRep0_train_gS_11_3_1.model.txt?download=1
Tfbs/Pol2/Gm15510/Sydh_Iggmus	model_files/wgEncodeSydhTfbsGm15510Pol2IggmusAlnRep0_train_gS_11_3_1.model.txt	3dce2ac2f4a5ffe841fc8b0600ed5ab6	https://zenodo.org/record/1466097/files/wgEncodeSydhTfbsGm15510Pol2IggmusAlnRep0_train_gS_11_3_1.model.txt?download=1
Tfbs/Pol2/Gm18505/Sydh_Iggmus	model_files/wgEncodeSydhTfbsGm18505Pol2IggmusAlnRep0_train_gS_11_3_1.model.txt	406e9733d48ba6b25516098043038f42	https://zenodo.org/record/1466097/files/wgEncodeSydhTfbsGm18505Pol2IggmusAlnRep0_train_gS_11_3_1.model.txt?download=1
Tfbs/Pol2/Gm18526/Sydh_Iggmus	model_files/wgEncodeSydhTfbsGm18526Pol2IggmusAlnRep0_train_gS_11_3_1.model.txt	f9b55e5533dd6d205f28af0aabf1a599	https://zenodo.org/record/1466097/files/wgEncodeSydhTfbsGm18526Pol2IggmusAlnRep0_train_gS_11_3_1.model.txt?download=1
Tfbs/Pol2/Gm18951/Sydh_Iggmus	model_files/wgEncodeSydhTfbsGm18951Pol2IggmusAlnRep0_train_gS_11_3_1.model.txt	79b739dea2489e740e51a4439e1797c6	https://zenodo.org/record/1466097/files/wgEncodeSydhTfbsGm18951Pol2IggmusAlnRep0_train_gS_11_3_1.model.txt?download=1
Tfbs/Pol2/Gm19099/Sydh_Iggmus	model_files/wgEncodeSydhTfbsGm19099Pol2IggmusAlnRep0_train_gS_11_3_1.model.txt	5c764213e4ae1a4dbf668ac8171fbb08	https://zenodo.org/record/1466097/files/wgEncodeSydhTfbsGm19099Pol2IggmusAlnRep0_train_gS_11_3_1.model.txt?download=1
Tfbs/Pol2/Gm19193/Sydh_Iggmus	model_files/wgEncodeSydhTfbsGm19193Pol2IggmusAlnRep0_train_gS_11_3_1.model.txt	6e22ce29c05287ff465a13a43f543da5	https://zenodo.org/record/1466097/files/wgEncodeSydhTfbsGm19193Pol2IggmusAlnRep0_train_gS_11_3_1.model.txt?download=1
Tfbs/Pol2/H1hesc/Haib_Pcr1x	model_files/wgEncodeHaibTfbsH1hescPol2Pcr1xAlnRep0_train_gS_11_3_1.model.txt	f2ecb2be6efc1106fa9bee67c59343d5	https://zenodo.org/record/1466097/files/wgEncodeHaibTfbsH1hescPol2Pcr1xAlnRep0_train_gS_11_3_1.model.txt?download=1
Tfbs/Pol2/H1hesc/Haib_V0416102	model_files/wgEncodeHaibTfbsH1hescPol2V0416102AlnRep0_train_gS_11_3_1.model.txt	2009ae57b235af0392572ecd20612349	https://zenodo.org/record/1466097/files/wgEncodeHaibTfbsH1hescPol2V0416102AlnRep0_train_gS_11_3_1.model.txt?download=1
Tfbs/Pol2/Hct116/Sydh_Ucd	model_files/wgEncodeSydhTfbsHct116Pol2UcdAlnRep0_train_gS_11_3_1.model.txt	8f8c36af9b948e378f2912911301d317	https://zenodo.org/record/1466097/files/wgEncodeSydhTfbsHct116Pol2UcdAlnRep0_train_gS_11_3_1.model.txt?download=1
Tfbs/Pol2/Hek293b/Sydh_Std	model_files/wgEncodeSydhTfbsHek293bPol2StdAlnRep0_train_gS_11_3_1.model.txt	abdd3d4bd4e8379b23529b03b1e77317	https://zenodo.org/record/1466097/files/wgEncodeSydhTfbsHek293bPol2StdAlnRep0_train_gS_11_3_1.model.txt?download=1
Tfbs/Pol2/Helas3/Haib_Pcr1x	model_files/wgEncodeHaibTfbsHelas3Pol2Pcr1xAlnRep0_train_gS_11_3_1.model.txt	e8f47b60c3b6df72d7b763dfa79554b4	https://zenodo.org/record/1466097/files/wgEncodeHaibTfbsHelas3Pol2Pcr1xAlnRep0_train_gS_11_3_1.model.txt?download=1
Tfbs/Pol2/Helas3/Sydh_Std	model_files/wgEncodeSydhTfbsHelas3Pol2StdAlnRep0_train_gS_11_3_1.model.txt	a3800482423f02f1423d3fae96cb2a0c	https://zenodo.org/record/1466097/files/wgEncodeSydhTfbsHelas3Pol2StdAlnRep0_train_gS_11_3_1.model.txt?download=1
Tfbs/Pol2/Hepg2/Haib_Pcr2x	model_files/wgEncodeHaibTfbsHepg2Pol2Pcr2xAlnRep0_train_gS_11_3_1.model.txt	fc72d954832a26a2947502ee57bde9f3	https://zenodo.org/record/1466097/files/wgEncodeHaibTfbsHepg2Pol2Pcr2xAlnRep0_train_gS_11_3_1.model.txt?download=1
Tfbs/Pol2/Hepg2/Sydh_Forskln_Std	model_files/wgEncodeSydhTfbsHepg2Pol2ForsklnStdAlnRep0_train_gS_11_3_1.model.txt	67580f8172a94909ef375720655f1626	https://zenodo.org/record/1466097/files/wgEncodeSydhTfbsHepg2Pol2ForsklnStdAlnRep0_train_gS_11_3_1.model.txt?download=1
Tfbs/Pol2/Hepg2/Sydh_Iggrab	model_files/wgEncodeSydhTfbsHepg2Pol2IggrabAlnRep0_train_gS_11_3_1.model.txt	4beeca240d1927937b3a9e1fd6ca65a4	https://zenodo.org/record/1466097/files/wgEncodeSydhTfbsHepg2Pol2IggrabAlnRep0_train_gS_11_3_1.model.txt?download=1
Tfbs/Pol2/Huvec/Sydh_Std	model_files/wgEncodeSydhTfbsHuvecPol2StdAlnRep0_train_gS_11_3_1.model.txt	f422deaca8df896270d6333dde37488b	https://zenodo.org/record/1466097/files/wgEncodeSydhTfbsHuvecPol2StdAlnRep0_train_gS_11_3_1.model.txt?download=1
Tfbs/Pol2/K562/Haib_V0416101	model_files/wgEncodeHaibTfbsK562Pol2V0416101AlnRep0_train_gS_11_3_1.model.txt	9c1b62b90355d08acb6cf2a754ad9bf6	https://zenodo.org/record/1466097/files/wgEncodeHaibTfbsK562Pol2V0416101AlnRep0_train_gS_11_3_1.model.txt?download=1
Tfbs/Pol2/K562/Sydh_Ifna30_Std	model_files/wgEncodeSydhTfbsK562Pol2Ifna30StdAlnRep0_train_gS_11_3_1.model.txt	076174a6255b94b2edaf7e3a7d24663f	https://zenodo.org/record/1466097/files/wgEncodeSydhTfbsK562Pol2Ifna30StdAlnRep0_train_gS_11_3_1.model.txt?download=1
Tfbs/Pol2/K562/Sydh_Ifna6h_Std	model_files/wgEncodeSydhTfbsK562Pol2Ifna6hStdAlnRep0_train_gS_11_3_1.model.txt	2ff83fc20cb4ff3ed95fc5b0845dcee0	https://zenodo.org/record/1466097/files/wgEncodeSydhTfbsK562Pol2Ifna6hStdAlnRep0_train_gS_11_3_1.model.txt?download=1
Tfbs/Pol2/K562/Sydh_Ifng30_Std	model_files/wgEncodeSydhTfbsK562Pol2Ifng30StdAlnRep0_train_gS_11_3_1.model.txt	65b757d1390767327810b3abea79d774	https://zenodo.org/record/1466097/files/wgEncodeSydhTfbsK562Pol2Ifng30StdAlnRep0_train_gS_11_3_1.model.txt?download=1
Tfbs/Pol2/K562/Sydh_Ifng6h_Std	model_files/wgEncodeSydhTfbsK562Pol2Ifng6hStdAlnRep0_train_gS_11_3_1.model.txt	82e0d870101735b03cd32351f89f5778	https://zenodo.org/record/1466097/files/wgEncodeSydhTfbsK562Pol2Ifng6hStdAlnRep0_train_gS_11_3_1.model.txt?download=1
Tfbs/Pol2/K562/Sydh_Iggmus	model_files/wgEncodeSydhTfbsK562Pol2IggmusAlnRep0_train_gS_11_3_1.model.txt	146f00f594beed7e51d30be032e123e4	https://zenodo.org/record/1466097/files/wgEncodeSydhTfbsK562Pol2IggmusAlnRep0_train_gS_11_3_1.model.txt?download=1
Tfbs/Pol2/K562/Sydh_Std	model_files/wgEncodeSydhTfbsK562Pol2StdAlnRep0_train_gS_11_3_1.model.txt	1fa55f3bdac0d82afa9ec791a1505128	https://zenodo.org/record/1466097/files/wgEncodeSydhTfbsK562Pol2StdAlnRep0_train_gS_11_3_1.model.txt?download=1
Tfbs/Pol2/Mcf10aes/Sydh_Etoh01_Std	model_files/wgEncodeSydhTfbsMcf10aesPol2Etoh01StdAlnRep0_train_gS_11_3_1.model.txt	6b54cbdcc963c5c641a8ae432bed7910	https://zenodo.org/record/1466097/files/wgEncodeSydhTfbsMcf10aesPol2Etoh01StdAlnRep0_train_gS_11_3_1.model.txt?download=1
Tfbs/Pol2/Mcf10aes/Sydh_Tam_Std	model_files/wgEncodeSydhTfbsMcf10aesPol2TamStdAlnRep0_train_gS_11_3_1.model.txt	2f5a2c6c9d72d6dcbd6061d5d975f805	https://zenodo.org/record/1466097/files/wgEncodeSydhTfbsMcf10aesPol2TamStdAlnRep0_train_gS_11_3_1.model.txt?download=1
Tfbs/Pol2/Nb4/Sydh_Std	model_files/wgEncodeSydhTfbsNb4Pol2StdAlnRep0_train_gS_11_3_1.model.txt	157d5e0f358416bb077f2376a335d087	https://zenodo.org/record/1466097/files/wgEncodeSydhTfbsNb4Pol2StdAlnRep0_train_gS_11_3_1.model.txt?download=1
Tfbs/Pol2/Pbde/Sydh_Ucd	model_files/wgEncodeSydhTfbsPbdePol2UcdAlnRep0_train_gS_11_3_1.model.txt	b01be326153412f556d14d9fad2955c7	https://zenodo.org/record/1466097/files/wgEncodeSydhTfbsPbdePol2UcdAlnRep0_train_gS_11_3_1.model.txt?download=1
Tfbs/Pol2/Raji/Sydh_Ucd	model_files/wgEncodeSydhTfbsRajiPol2UcdAlnRep0_train_gS_11_3_1.model.txt	e179038a9181dcbdcc7d7ede9b610af4	https://zenodo.org/record/1466097/files/wgEncodeSydhTfbsRajiPol2UcdAlnRep0_train_gS_11_3_1.model.txt?download=1
Tfbs/Pol24h8/Gm12878/Haib_Pcr1x	model_files/wgEncodeHaibTfbsGm12878Pol24h8Pcr1xAlnRep0_train_gS_11_3_1.model.txt	4ae4f1c80de685fc0dea0d2e964339a7	https://zenodo.org/record/1466097/files/wgEncodeHaibTfbsGm12878Pol24h8Pcr1xAlnRep0_train_gS_11_3_1.model.txt?download=1
Tfbs/Pol24h8/Gm12891/Haib_Pcr1x	model_files/wgEncodeHaibTfbsGm12891Pol24h8Pcr1xAlnRep0_train_gS_11_3_1.model.txt	a586941a9a58eda9105d1903e19ad054	https://zenodo.org/record/1466097/files/wgEncodeHaibTfbsGm12891Pol24h8Pcr1xAlnRep0_train_gS_11_3_1.model.txt?download=1
Tfbs/Pol24h8/Gm12892/Haib_Pcr1x	model_files/wgEncodeHaibTfbsGm12892Pol24h8Pcr1xAlnRep0_train_gS_11_3_1.model.txt	d96b60ba4f7bdb5f1b0d70b548b98a77	https://zenodo.org/record/1466097/files/wgEncodeHaibTfbsGm12892Pol24h8Pcr1xAlnRep0_train_gS_11_3_1.model.txt?download=1
Tfbs/Pol24h8/Gm12892/Haib_V0416102	model_files/wgEncodeHaibTfbsGm12892Pol24h8V0416102AlnRep0_train_gS_11_3_1.model.txt	9defec0ca69f96e0e37e23346fc3cc92	https://zenodo.org/record/1466097/files/wgEncodeHaibTfbsGm12892Pol24h8V0416102AlnRep0_train_gS_11_3_1.model.txt?download=1
Tfbs/Pol24h8/H1hesc/Haib_Pcr1x	model_files/wgEncodeHaibTfbsH1hescPol24h8Pcr1xAlnRep0_train_gS_11_3_1.model.txt	93c7503ba0dbfd84589e3ec000373e8f	https://zenodo.org/record/1466097/files/wgEncodeHaibTfbsH1hescPol24h8Pcr1xAlnRep0_train_gS_11_3_1.model.txt?download=1
Tfbs/Pol24h8/H1hesc/Haib_V0416102	model_files/wgEncodeHaibTfbsH1hescPol24h8V0416102AlnRep0_train_gS_11_3_1.model.txt	041f652385aa38d03eff167b0b6e1321	https://zenodo.org/record/1466097/files/wgEncodeHaibTfbsH1hescPol24h8V0416102AlnRep0_train_gS_11_3_1.model.txt?download=1
Tfbs/Pol24h8/Hct116/Haib_V0416101	model_files/wgEncodeHaibTfbsHct116Pol24h8V0416101AlnRep0_train_gS_11_3_1.model.txt	7eb353a277230db510b2591f0aa2777b	https://zenodo.org/record/1466097/files/wgEncodeHaibTfbsHct116Pol24h8V0416101AlnRep0_train_gS_11_3_1.model.txt?download=1
Tfbs/Pol24h8/K562/Haib_Pcr1x	model_files/wgEncodeHaibTfbsK562Pol24h8Pcr1xAlnRep0_train_gS_11_3_1.model.txt	f26a6bf94815504590b5cf74ef404257	https://zenodo.org/record/1466097/files/wgEncodeHaibTfbsK562Pol24h8Pcr1xAlnRep0_train_gS_11_3_1.model.txt?download=1
Tfbs/Pol24h8/K562/Haib_V0416101	model_files/wgEncodeHaibTfbsK562Pol24h8V0416101AlnRep0_train_gS_11_3_1.model.txt	b5dd44155a70513773e7d546cf660002	https://zenodo.org/record/1466097/files/wgEncodeHaibTfbsK562Pol24h8V0416101AlnRep0_train_gS_11_3_1.model.txt?download=1
Tfbs/Pol2s2/Helas3/Sydh_Iggrab	model_files/wgEncodeSydhTfbsHelas3Pol2s2IggrabAlnRep0_train_gS_11_3_1.model.txt	097bf7ff17072c2aaabdff4f1e9228b4	https://zenodo.org/record/1466097/files/wgEncodeSydhTfbsHelas3Pol2s2IggrabAlnRep0_train_gS_11_3_1.model.txt?download=1
Tfbs/Pou2f2/Gm12878/Haib_Pcr1x	model_files/wgEncodeHaibTfbsGm12878Pou2f2Pcr1xAlnRep0_train_gS_11_3_1.model.txt	f51f8988f29d467f952e4cc091dd6ffd	https://zenodo.org/record/1466097/files/wgEncodeHaibTfbsGm12878Pou2f2Pcr1xAlnRep0_train_gS_11_3_1.model.txt?download=1
Tfbs/Pou2f2/Gm12891/Haib_Pcr1x	model_files/wgEncodeHaibTfbsGm12891Pou2f2Pcr1xAlnRep0_train_gS_11_3_1.model.txt	07c1aaa5a771826002e566ad13215de4	https://zenodo.org/record/1466097/files/wgEncodeHaibTfbsGm12891Pou2f2Pcr1xAlnRep0_train_gS_11_3_1.model.txt?download=1
Tfbs/Pu1/Gm12878/Haib_Pcr1x	model_files/wgEncodeHaibTfbsGm12878Pu1Pcr1xAlnRep0_train_gS_11_3_1.model.txt	f16bd33a37d7740876a1db46768ae622	https://zenodo.org/record/1466097/files/wgEncodeHaibTfbsGm12878Pu1Pcr1xAlnRep0_train_gS_11_3_1.model.txt?download=1
Tfbs/Pu1/Gm12891/Haib_Pcr1x	model_files/wgEncodeHaibTfbsGm12891Pu1Pcr1xAlnRep0_train_gS_11_3_1.model.txt	e54c0ae7d0b25d8a4104969777ad7eeb	https://zenodo.org/record/1466097/files/wgEncodeHaibTfbsGm12891Pu1Pcr1xAlnRep0_train_gS_11_3_1.model.txt?download=1
Tfbs/Pu1/K562/Haib_Pcr1x	model_files/wgEncodeHaibTfbsK562Pu1Pcr1xAlnRep0_train_gS_11_3_1.model.txt	63ff716d18dd8cffd31beba4d3f134e5	https://zenodo.org/record/1466097/files/wgEncodeHaibTfbsK562Pu1Pcr1xAlnRep0_train_gS_11_3_1.model.txt?download=1
Tfbs/Rad21/Gm12878/Haib_V0416101	model_files/wgEncodeHaibTfbsGm12878Rad21V0416101AlnRep0_train_gS_11_3_1.model.txt	65f9ddb99e16435e6c75d6f6cf89225e	https://zenodo.org/record/1466097/files/wgEncodeHaibTfbsGm12878Rad21V0416101AlnRep0_train_gS_11_3_1.model.txt?download=1
Tfbs/Rad21/Gm12878/Sydh_Iggrab	model_files/wgEncodeSydhTfbsGm12878Rad21IggrabAlnRep0_train_gS_11_3_1.model.txt	159da4e5efa245fb3a467406af764c6f	https://zenodo.org/record/1466097/files/wgEncodeSydhTfbsGm12878Rad21IggrabAlnRep0_train_gS_11_3_1.model.txt?download=1
Tfbs/Rad21/H1hesc/Haib_V0416102	model_files/wgEncodeHaibTfbsH1hescRad21V0416102AlnRep0_train_gS_11_3_1.model.txt	a74761e545c3d1467d91fc831fdc9fc3	https://zenodo.org/record/1466097/files/wgEncodeHaibTfbsH1hescRad21V0416102AlnRep0_train_gS_11_3_1.model.txt?download=1
Tfbs/Rad21/H1hesc/Sydh_Iggrab	model_files/wgEncodeSydhTfbsH1hescRad21IggrabAlnRep0_train_gS_11_3_1.model.txt	e994c32227296179c0ec40dab27c2f12	https://zenodo.org/record/1466097/files/wgEncodeSydhTfbsH1hescRad21IggrabAlnRep0_train_gS_11_3_1.model.txt?download=1
Tfbs/Rad21/Helas3/Sydh_Iggrab	model_files/wgEncodeSydhTfbsHelas3Rad21IggrabAlnRep0_train_gS_11_3_1.model.txt	65e70c0d71b722c832ac1fb33bb7de17	https://zenodo.org/record/1466097/files/wgEncodeSydhTfbsHelas3Rad21IggrabAlnRep0_train_gS_11_3_1.model.txt?download=1
Tfbs/Rad21/Hepg2/Haib_V0416101	model_files/wgEncodeHaibTfbsHepg2Rad21V0416101AlnRep0_train_gS_11_3_1.model.txt	ff751a6ee05b8a9ff9ba3f76efa0eb59	https://zenodo.org/record/1466097/files/wgEncodeHaibTfbsHepg2Rad21V0416101AlnRep0_train_gS_11_3_1.model.txt?download=1
Tfbs/Rad21/Hepg2/Sydh_Iggrab	model_files/wgEncodeSydhTfbsHepg2Rad21IggrabAlnRep0_train_gS_11_3_1.model.txt	338154ef32c550644974d22bfd1c12cc	https://zenodo.org/record/1466097/files/wgEncodeSydhTfbsHepg2Rad21IggrabAlnRep0_train_gS_11_3_1.model.txt?download=1
Tfbs/Rad21/K562/Haib_V0416102	model_files/wgEncodeHaibTfbsK562Rad21V0416102AlnRep0_train_gS_11_3_1.model.txt	885440d2d5632b489c5f03dfe9cf218f	https://zenodo.org/record/1466097/files/wgEncodeHaibTfbsK562Rad21V0416102AlnRep0_train_gS_11_3_1.model.txt?download=1
Tfbs/Rad21/K562/Sydh_Std	model_files/wgEncodeSydhTfbsK562Rad21StdAlnRep0_train_gS_11_3_1.model.txt	c41c05983cefd466a2efd9f31dc5dc81	https://zenodo.org/record/1466097/files/wgEncodeSydhTfbsK562Rad21StdAlnRep0_train_gS_11_3_1.model.txt?download=1
Tfbs/Rad21/Sknshra/Haib_V0416102	model_files/wgEncodeHaibTfbsSknshraRad21V0416102AlnRep0_train_gS_11_3_1.model.txt	830d0cbdf87d8b2ed5fd2a4cf77565b0	https://zenodo.org/record/1466097/files/wgEncodeHaibTfbsSknshraRad21V0416102AlnRep0_train_gS_11_3_1.model.txt?download=1
Tfbs/Rfx5n494/Helas3/Sydh_Iggrab	model_files/wgEncodeSydhTfbsHelas3Rfx5n494IggrabAlnRep0_train_gS_11_3_1.model.txt	cd8d5de189f5ea1eeb9ea9c940bb6a2a	https://zenodo.org/record/1466097/files/wgEncodeSydhTfbsHelas3Rfx5n494IggrabAlnRep0_train_gS_11_3_1.model.txt?download=1
Tfbs/Rxra/Hepg2/Haib_Pcr1x	model_files/wgEncodeHaibTfbsHepg2RxraPcr1xAlnRep0_train_gS_11_3_1.model.txt	95dcf4f951d062b1d6611286f960d0c5	https://zenodo.org/record/1466097/files/wgEncodeHaibTfbsHepg2RxraPcr1xAlnRep0_train_gS_11_3_1.model.txt?download=1
Tfbs/Setdb1/U2os/Sydh_Ucd	model_files/wgEncodeSydhTfbsU2osSetdb1UcdAlnRep0_train_gS_11_3_1.model.txt	0a14cdd92cfd97043c62ba4ba054e2f6	https://zenodo.org/record/1466097/files/wgEncodeSydhTfbsU2osSetdb1UcdAlnRep0_train_gS_11_3_1.model.txt?download=1
Tfbs/Sin3ak20/Gm12878/Haib_Pcr1x	model_files/wgEncodeHaibTfbsGm12878Sin3ak20Pcr1xAlnRep0_train_gS_11_3_1.model.txt	0ee3baad83e276841a553e7e90b4f1f9	https://zenodo.org/record/1466097/files/wgEncodeHaibTfbsGm12878Sin3ak20Pcr1xAlnRep0_train_gS_11_3_1.model.txt?download=1
Tfbs/Sin3ak20/Hepg2/Haib_Pcr1x	model_files/wgEncodeHaibTfbsHepg2Sin3ak20Pcr1xAlnRep0_train_gS_11_3_1.model.txt	193e579506bb54027f12de4a9cd7b2e9	https://zenodo.org/record/1466097/files/wgEncodeHaibTfbsHepg2Sin3ak20Pcr1xAlnRep0_train_gS_11_3_1.model.txt?download=1
Tfbs/Sin3ak20/K562/Haib_V0416101	model_files/wgEncodeHaibTfbsK562Sin3ak20V0416101AlnRep0_train_gS_11_3_1.model.txt	6168d674ee389783fd7fd44bbb371f7d	https://zenodo.org/record/1466097/files/wgEncodeHaibTfbsK562Sin3ak20V0416101AlnRep0_train_gS_11_3_1.model.txt?download=1
Tfbs/Smc3ab9263/Gm12878/Sydh_Iggmus	model_files/wgEncodeSydhTfbsGm12878Smc3ab9263IggmusAlnRep0_train_gS_11_3_1.model.txt	ab46c90170c7f87e652f79fb2964f0d7	https://zenodo.org/record/1466097/files/wgEncodeSydhTfbsGm12878Smc3ab9263IggmusAlnRep0_train_gS_11_3_1.model.txt?download=1
Tfbs/Smc3ab9263/Helas3/Sydh_Iggrab	model_files/wgEncodeSydhTfbsHelas3Smc3ab9263IggrabAlnRep0_train_gS_11_3_1.model.txt	6d1fb7718ec190a29a45dfee89adbf37	https://zenodo.org/record/1466097/files/wgEncodeSydhTfbsHelas3Smc3ab9263IggrabAlnRep0_train_gS_11_3_1.model.txt?download=1
Tfbs/Smc3ab9263/K562/Sydh_Iggrab	model_files/wgEncodeSydhTfbsK562Smc3ab9263IggrabAlnRep0_train_gS_11_3_1.model.txt	9d8e0aff5ab7545cff3793a7514f5196	https://zenodo.org/record/1466097/files/wgEncodeSydhTfbsK562Smc3ab9263IggrabAlnRep0_train_gS_11_3_1.model.txt?download=1
Tfbs/Sp1/Gm12878/Haib_Pcr1x	model_files/wgEncodeHaibTfbsGm12878Sp1Pcr1xAlnRep0_train_gS_11_3_1.model.txt	6b579b92392629ab2bab39f1dab8db33	https://zenodo.org/record/1466097/files/wgEncodeHaibTfbsGm12878Sp1Pcr1xAlnRep0_train_gS_11_3_1.model.txt?download=1
Tfbs/Sp1/H1hesc/Haib_Pcr1x	model_files/wgEncodeHaibTfbsH1hescSp1Pcr1xAlnRep0_train_gS_11_3_1.model.txt	ec94da263b377c603e9cfa80404cf7d7	https://zenodo.org/record/1466097/files/wgEncodeHaibTfbsH1hescSp1Pcr1xAlnRep0_train_gS_11_3_1.model.txt?download=1
Tfbs/Sp1/Hepg2/Haib_Pcr1x	model_files/wgEncodeHaibTfbsHepg2Sp1Pcr1xAlnRep0_train_gS_11_3_1.model.txt	5764f566df06ba32fae2156776b677bb	https://zenodo.org/record/1466097/files/wgEncodeHaibTfbsHepg2Sp1Pcr1xAlnRep0_train_gS_11_3_1.model.txt?download=1
Tfbs/Srf/Gm12878/Haib_V0416101	model_files/wgEncodeHaibTfbsGm12878SrfV0416101AlnRep0_train_gS_11_3_1.model.txt	90732b1687cc0cfb1f66ff2b9266cdcc	https://zenodo.org/record/1466097/files/wgEncodeHaibTfbsGm12878SrfV0416101AlnRep0_train_gS_11_3_1.model.txt?download=1
Tfbs/Stat1/Helas3/Sydh_Ifng30_Std	model_files/wgEncodeSydhTfbsHelas3Stat1Ifng30StdAlnRep0_train_gS_11_3_1.model.txt	c3ed9a45adece3ba6b70deab8eee1313	https://zenodo.org/record/1466097/files/wgEncodeSydhTfbsHelas3Stat1Ifng30StdAlnRep0_train_gS_11_3_1.model.txt?download=1
Tfbs/Stat3/Helas3/Sydh_Iggrab	model_files/wgEncodeSydhTfbsHelas3Stat3IggrabAlnRep0_train_gS_11_3_1.model.txt	2dced8b38b3ebcd93fcbc11d0eaa0966	https://zenodo.org/record/1466097/files/wgEncodeSydhTfbsHelas3Stat3IggrabAlnRep0_train_gS_11_3_1.model.txt?download=1
Tfbs/Stat3/Mcf10aes/Sydh_Etoh01_Std	model_files/wgEncodeSydhTfbsMcf10aesStat3Etoh01StdAlnRep0_train_gS_11_3_1.model.txt	dc2357e0d4b7fa3d673836fb12627886	https://zenodo.org/record/1466097/files/wgEncodeSydhTfbsMcf10aesStat3Etoh01StdAlnRep0_train_gS_11_3_1.model.txt?download=1
Tfbs/Stat3/Mcf10aes/Sydh_Etoh01b_Std	model_files/wgEncodeSydhTfbsMcf10aesStat3Etoh01bStdAlnRep0_train_gS_11_3_1.model.txt	2cb411ca7bd06a38078ffd30d20a242c	https://zenodo.org/record/1466097/files/wgEncodeSydhTfbsMcf10aesStat3Etoh01bStdAlnRep0_train_gS_11_3_1.model.txt?download=1
Tfbs/Stat3/Mcf10aes/Sydh_Etoh01c_Std	model_files/wgEncodeSydhTfbsMcf10aesStat3Etoh01cStdAlnRep0_train_gS_11_3_1.model.txt	2c678ba23484fa3246b75c95639babc1	https://zenodo.org/record/1466097/files/wgEncodeSydhTfbsMcf10aesStat3Etoh01cStdAlnRep0_train_gS_11_3_1.model.txt?download=1
Tfbs/Stat3/Mcf10aes/Sydh_Tam_Std	model_files/wgEncodeSydhTfbsMcf10aesStat3TamStdAlnRep0_train_gS_11_3_1.model.txt	dc248ba29a1e31e03da996e94d64ad5b	https://zenodo.org/record/1466097/files/wgEncodeSydhTfbsMcf10aesStat3TamStdAlnRep0_train_gS_11_3_1.model.txt?download=1
Tfbs/Taf1/Gm12891/Haib_Pcr1x	model_files/wgEncodeHaibTfbsGm12891Taf1Pcr1xAlnRep0_train_gS_11_3_1.model.txt	8a3ef5662dc5ddba150e88af3fd5d754	https://zenodo.org/record/1466097/files/wgEncodeHaibTfbsGm12891Taf1Pcr1xAlnRep0_train_gS_11_3_1.model.txt?download=1
Tfbs/Taf1/Gm12892/Haib_Pcr1x	model_files/wgEncodeHaibTfbsGm12892Taf1Pcr1xAlnRep0_train_gS_11_3_1.model.txt	f73125a16ae17eb85885b410998699c7	https://zenodo.org/record/1466097/files/wgEncodeHaibTfbsGm12892Taf1Pcr1xAlnRep0_train_gS_11_3_1.model.txt?download=1
Tfbs/Taf1/Gm12892/Haib_V0416102	model_files/wgEncodeHaibTfbsGm12892Taf1V0416102AlnRep0_train_gS_11_3_1.model.txt	4331c513d2fd506cf92645e169586353	https://zenodo.org/record/1466097/files/wgEncodeHaibTfbsGm12892Taf1V0416102AlnRep0_train_gS_11_3_1.model.txt?download=1
Tfbs/Taf1/H1hesc/Haib_Pcr1x	model_files/wgEncodeHaibTfbsH1hescTaf1Pcr1xAlnRep0_train_gS_11_3_1.model.txt	7cee520db901f0d93b484595927b237e	https://zenodo.org/record/1466097/files/wgEncodeHaibTfbsH1hescTaf1Pcr1xAlnRep0_train_gS_11_3_1.model.txt?download=1
Tfbs/Taf1/H1hesc/Haib_V0416102	model_files/wgEncodeHaibTfbsH1hescTaf1V0416102AlnRep0_train_gS_11_3_1.model.txt	9b6ce24e2731cb553228002f674ee935	https://zenodo.org/record/1466097/files/wgEncodeHaibTfbsH1hescTaf1V0416102AlnRep0_train_gS_11_3_1.model.txt?download=1
Tfbs/Taf1/Helas3/Haib_Pcr1x	model_files/wgEncodeHaibTfbsHelas3Taf1Pcr1xAlnRep0_train_gS_11_3_1.model.txt	7391a88082386b67d5ecdc70144989b1	https://zenodo.org/record/1466097/files/wgEncodeHaibTfbsHelas3Taf1Pcr1xAlnRep0_train_gS_11_3_1.model.txt?download=1
Tfbs/Taf1/Hepg2/Haib_Pcr2x	model_files/wgEncodeHaibTfbsHepg2Taf1Pcr2xAlnRep0_train_gS_11_3_1.model.txt	090e038b1445554fea5b23eec59aa9e2	https://zenodo.org/record/1466097/files/wgEncodeHaibTfbsHepg2Taf1Pcr2xAlnRep0_train_gS_11_3_1.model.txt?download=1
Tfbs/Taf1/K562/Haib_Pcr1x	model_files/wgEncodeHaibTfbsK562Taf1Pcr1xAlnRep0_train_gS_11_3_1.model.txt	e74ed430c9374f0062245ec53697d020	https://zenodo.org/record/1466097/files/wgEncodeHaibTfbsK562Taf1Pcr1xAlnRep0_train_gS_11_3_1.model.txt?download=1
Tfbs/Taf1/K562/Haib_V0416101	model_files/wgEncodeHaibTfbsK562Taf1V0416101AlnRep0_train_gS_11_3_1.model.txt	117c0ac2bd0059a33d8a00ca5897b1ba	https://zenodo.org/record/1466097/files/wgEncodeHaibTfbsK562Taf1V0416101AlnRep0_train_gS_11_3_1.model.txt?download=1
Tfbs/Taf7sq8/H1hesc/Haib_V0416102	model_files/wgEncodeHaibTfbsH1hescTaf7sq8V0416102AlnRep0_train_gS_11_3_1.model.txt	1c909e3d104b9aeaaf23efc2e5e4b1c5	https://zenodo.org/record/1466097/files/wgEncodeHaibTfbsH1hescTaf7sq8V0416102AlnRep0_train_gS_11_3_1.model.txt?download=1
Tfbs/Tal1sc12984/K562/Sydh_Iggmus	model_files/wgEncodeSydhTfbsK562Tal1sc12984IggmusAlnRep0_train_gS_11_3_1.model.txt	61a7d47edd26e03e8e0d620772574cdb	https://zenodo.org/record/1466097/files/wgEncodeSydhTfbsK562Tal1sc12984IggmusAlnRep0_train_gS_11_3_1.model.txt?download=1
Tfbs/Tbp/Gm12878/Sydh_Iggmus	model_files/wgEncodeSydhTfbsGm12878TbpIggmusAlnRep0_train_gS_11_3_1.model.txt	5ec608a1efd1940da7c0b74f55593a1f	https://zenodo.org/record/1466097/files/wgEncodeSydhTfbsGm12878TbpIggmusAlnRep0_train_gS_11_3_1.model.txt?download=1
Tfbs/Tbp/H1hesc/Sydh_Std	model_files/wgEncodeSydhTfbsH1hescTbpStdAlnRep0_train_gS_11_3_1.model.txt	cabeff010e9fc9ead26e45d49f0c1ead	https://zenodo.org/record/1466097/files/wgEncodeSydhTfbsH1hescTbpStdAlnRep0_train_gS_11_3_1.model.txt?download=1
Tfbs/Tbp/Helas3/Sydh_Iggrab	model_files/wgEncodeSydhTfbsHelas3TbpIggrabAlnRep0_train_gS_11_3_1.model.txt	34ad979a0bc1032d81a09c0abb389eee	https://zenodo.org/record/1466097/files/wgEncodeSydhTfbsHelas3TbpIggrabAlnRep0_train_gS_11_3_1.model.txt?download=1
Tfbs/Tbp/Hepg2/Sydh_Iggrab	model_files/wgEncodeSydhTfbsHepg2TbpIggrabAlnRep0_train_gS_11_3_1.model.txt	c8d919477c2b7079329f696c283ec8a2	https://zenodo.org/record/1466097/files/wgEncodeSydhTfbsHepg2TbpIggrabAlnRep0_train_gS_11_3_1.model.txt?download=1
Tfbs/Tbp/K562/Sydh_Iggmus	model_files/wgEncodeSydhTfbsK562TbpIggmusAlnRep0_train_gS_11_3_1.model.txt	0ac032315b6d4a316fb2b22fbd727150	https://zenodo.org/record/1466097/files/wgEncodeSydhTfbsK562TbpIggmusAlnRep0_train_gS_11_3_1.model.txt?download=1
Tfbs/Tcf12/Gm12878/Haib_Pcr1x	model_files/wgEncodeHaibTfbsGm12878Tcf12Pcr1xAlnRep0_train_gS_11_3_1.model.txt	2d9fd2a39b810caa22f450019e3b0d94	https://zenodo.org/record/1466097/files/wgEncodeHaibTfbsGm12878Tcf12Pcr1xAlnRep0_train_gS_11_3_1.model.txt?download=1
Tfbs/Tcf12/H1hesc/Haib_Pcr1x	model_files/wgEncodeHaibTfbsH1hescTcf12Pcr1xAlnRep0_train_gS_11_3_1.model.txt	88544dabe5a2b358929afd90fffe9098	https://zenodo.org/record/1466097/files/wgEncodeHaibTfbsH1hescTcf12Pcr1xAlnRep0_train_gS_11_3_1.model.txt?download=1
Tfbs/Tcf4/Hct116/Sydh_Ucd	model_files/wgEncodeSydhTfbsHct116Tcf4UcdAlnRep0_train_gS_11_3_1.model.txt	244ba7a52a5188cd40571d49112d71e9	https://zenodo.org/record/1466097/files/wgEncodeSydhTfbsHct116Tcf4UcdAlnRep0_train_gS_11_3_1.model.txt?download=1
Tfbs/Tcf4/Hepg2/Sydh_Ucd	model_files/wgEncodeSydhTfbsHepg2Tcf4UcdAlnRep0_train_gS_11_3_1.model.txt	cedf5109a422ab8ba1f1cc60e9915f92	https://zenodo.org/record/1466097/files/wgEncodeSydhTfbsHepg2Tcf4UcdAlnRep0_train_gS_11_3_1.model.txt?download=1
Tfbs/Usf1/A549/Haib_Pcr1x_Dexa	model_files/wgEncodeHaibTfbsA549Usf1Pcr1xDexaAlnRep0_train_gS_11_3_1.model.txt	159a292f904ab9ac23d5b3c412e713ba	https://zenodo.org/record/1466097/files/wgEncodeHaibTfbsA549Usf1Pcr1xDexaAlnRep0_train_gS_11_3_1.model.txt?download=1
Tfbs/Usf1/A549/Haib_Pcr1x_Etoh02	model_files/wgEncodeHaibTfbsA549Usf1Pcr1xEtoh02AlnRep0_train_gS_11_3_1.model.txt	e0e09adfd90f164b51c6bf54cd3b232e	https://zenodo.org/record/1466097/files/wgEncodeHaibTfbsA549Usf1Pcr1xEtoh02AlnRep0_train_gS_11_3_1.model.txt?download=1
Tfbs/Usf1/Gm12878/Haib_Pcr2x	model_files/wgEncodeHaibTfbsGm12878Usf1Pcr2xAlnRep0_train_gS_11_3_1.model.txt	4e59711cc19ce60c04d81a6a0f224b83	https://zenodo.org/record/1466097/files/wgEncodeHaibTfbsGm12878Usf1Pcr2xAlnRep0_train_gS_11_3_1.model.txt?download=1
Tfbs/Usf1/H1hesc/Haib_Pcr1x	model_files/wgEncodeHaibTfbsH1hescUsf1Pcr1xAlnRep0_train_gS_11_3_1.model.txt	c72fd2661a5f4b8affd94544496bc61c	https://zenodo.org/record/1466097/files/wgEncodeHaibTfbsH1hescUsf1Pcr1xAlnRep0_train_gS_11_3_1.model.txt?download=1
Tfbs/Usf1/Hepg2/Haib_Pcr1x	model_files/wgEncodeHaibTfbsHepg2Usf1Pcr1xAlnRep0_train_gS_11_3_1.model.txt	596dfc868f43db1c4d9bf63e1734b552	https://zenodo.org/record/1466097/files/wgEncodeHaibTfbsHepg2Usf1Pcr1xAlnRep0_train_gS_11_3_1.model.txt?download=1
Tfbs/Usf1/K562/Haib_V0416101	model_files/wgEncodeHaibTfbsK562Usf1V0416101AlnRep0_train_gS_11_3_1.model.txt	de4dddd10bda2a79018e224e9314f5ad	https://zenodo.org/record/1466097/files/wgEncodeHaibTfbsK562Usf1V0416101AlnRep0_train_gS_11_3_1.model.txt?download=1
Tfbs/Usf1sc8983/Sknshra/Haib_V0416102	model_files/wgEncodeHaibTfbsSknshraUsf1sc8983V0416102AlnRep0_train_gS_11_3_1.model.txt	7cd78ed4978ccf36ceb5128f349485eb	https://zenodo.org/record/1466097/files/wgEncodeHaibTfbsSknshraUsf1sc8983V0416102AlnRep0_train_gS_11_3_1.model.txt?download=1
Tfbs/Usf2/Gm12878/Sydh_Iggmus	model_files/wgEncodeSydhTfbsGm12878Usf2IggmusAlnRep0_train_gS_11_3_1.model.txt	9460e6e5eff74b0755eaa63c0b05625b	https://zenodo.org/record/1466097/files/wgEncodeSydhTfbsGm12878Usf2IggmusAlnRep0_train_gS_11_3_1.model.txt?download=1
Tfbs/Usf2/Helas3/Sydh_Iggmus	model_files/wgEncodeSydhTfbsHelas3Usf2IggmusAlnRep0_train_gS_11_3_1.model.txt	bedf7bda68f49d03b6da8ae15558a588	https://zenodo.org/record/1466097/files/wgEncodeSydhTfbsHelas3Usf2IggmusAlnRep0_train_gS_11_3_1.model.txt?download=1
Tfbs/Yy1/Gm12878/Haib_V0416101	model_files/wgEncodeHaibTfbsGm12878Yy1V0416101AlnRep0_train_gS_11_3_1.model.txt	8f93067e3a3dcbb768102f7a3e25d9ac	https://zenodo.org/record/1466097/files/wgEncodeHaibTfbsGm12878Yy1V0416101AlnRep0_train_gS_11_3_1.model.txt?download=1
Tfbs/Yy1/Gm12892/Haib_V0416101	model_files/wgEncodeHaibTfbsGm12892Yy1V0416101AlnRep0_train_gS_11_3_1.model.txt	500f6860c2db0e53048a8129784c9192	https://zenodo.org/record/1466097/files/wgEncodeHaibTfbsGm12892Yy1V0416101AlnRep0_train_gS_11_3_1.model.txt?download=1
Tfbs/Yy1/K562/Haib_V0416101	model_files/wgEncodeHaibTfbsK562Yy1V0416101AlnRep0_train_gS_11_3_1.model.txt	40b151f88d71efee65bc6c1fba3ef886	https://zenodo.org/record/1466097/files/wgEncodeHaibTfbsK562Yy1V0416101AlnRep0_train_gS_11_3_1.model.txt?download=1
Tfbs/Yy1/K562/Haib_V0416102	model_files/wgEncodeHaibTfbsK562Yy1V0416102AlnRep0_train_gS_11_3_1.model.txt	f1351720817105781ad3f424883d652a	https://zenodo.org/record/1466097/files/wgEncodeHaibTfbsK562Yy1V0416102AlnRep0_train_gS_11_3_1.model.txt?download=1
Tfbs/Yy1c20/Gm12891/Haib_V0416101	model_files/wgEncodeHaibTfbsGm12891Yy1c20V0416101AlnRep0_train_gS_11_3_1.model.txt	a51779ecb3c4e49fe0d203d595bbe3d3	https://zenodo.org/record/1466097/files/wgEncodeHaibTfbsGm12891Yy1c20V0416101AlnRep0_train_gS_11_3_1.model.txt?download=1
Tfbs/Yy1c20/H1hesc/Haib_Pcr1x	model_files/wgEncodeHaibTfbsH1hescYy1c20Pcr1xAlnRep0_train_gS_11_3_1.model.txt	11e861da7adf2a1579a0cbac2f93b186	https://zenodo.org/record/1466097/files/wgEncodeHaibTfbsH1hescYy1c20Pcr1xAlnRep0_train_gS_11_3_1.model.txt?download=1
Tfbs/Yy1c20/Sknshra/Haib_V0416102	model_files/wgEncodeHaibTfbsSknshraYy1c20V0416102AlnRep0_train_gS_11_3_1.model.txt	e4813801f956b7512f0c9bbbdc9ad6b3	https://zenodo.org/record/1466097/files/wgEncodeHaibTfbsSknshraYy1c20V0416102AlnRep0_train_gS_11_3_1.model.txt?download=1
Tfbs/Zbtb7asc34508/K562/Haib_V0416101	model_files/wgEncodeHaibTfbsK562Zbtb7asc34508V0416101AlnRep0_train_gS_11_3_1.model.txt	4e8ff8250ac2d3c71d406ad0adc845c4	https://zenodo.org/record/1466097/files/wgEncodeHaibTfbsK562Zbtb7asc34508V0416101AlnRep0_train_gS_11_3_1.model.txt?download=1
Tfbs/Zeb1sc25388/Gm12878/Haib_V0416102	model_files/wgEncodeHaibTfbsGm12878Zeb1sc25388V0416102AlnRep0_train_gS_11_3_1.model.txt	359901cdac9361c01fda170d319ed6b9	https://zenodo.org/record/1466097/files/wgEncodeHaibTfbsGm12878Zeb1sc25388V0416102AlnRep0_train_gS_11_3_1.model.txt?download=1
Tfbs/Znf143166181ap/Gm12878/Sydh_Std	model_files/wgEncodeSydhTfbsGm12878Znf143166181apStdAlnRep0_train_gS_11_3_1.model.txt	b55c28cd8bca634e089765916397897e	https://zenodo.org/record/1466097/files/wgEncodeSydhTfbsGm12878Znf143166181apStdAlnRep0_train_gS_11_3_1.model.txt?download=1
Tfbs/Znf263/Trexhek293/Sydh_Ucd	model_files/wgEncodeSydhTfbsTrexhek293Znf263UcdAlnRep0_train_gS_11_3_1.model.txt	87d0c23b5de4df08f26a18f2f94cf942	https://zenodo.org/record/1466097/files/wgEncodeSydhTfbsTrexhek293Znf263UcdAlnRep0_train_gS_11_3_1.model.txt?download=1
