model	args_weights	args_weights_md5	args_weights_url
human/AHR	model_files/human-AHR.h5	385e1e0a87ec36b307b66c4708d4e03e	https://zenodo.org/record/1466139/files/human-AHR.h5?download=1
human/AIRE	model_files/human-AIRE.h5	a5781ec764e145cbe2e5347cd75dc848	https://zenodo.org/record/1466139/files/human-AIRE.h5?download=1
human/ALX1	model_files/human-ALX1.h5	a4c7fb77e2c998d993cb5e9c55e622f4	https://zenodo.org/record/1466139/files/human-ALX1.h5?download=1
human/ALX3	model_files/human-ALX3.h5	dc3103086f7b68ac5e1943e29a6df3e9	https://zenodo.org/record/1466139/files/human-ALX3.h5?download=1
human/ALX4	model_files/human-ALX4.h5	f0aff14f3410edb766bd0141b1a61577	https://zenodo.org/record/1466139/files/human-ALX4.h5?download=1
human/ANDR	model_files/human-ANDR.h5	703a0cdc0a58351bffb4022a49f2ab7a	https://zenodo.org/record/1466139/files/human-ANDR.h5?download=1
human/AP2A	model_files/human-AP2A.h5	2ab198c43f12f194286f27af9e7b0c3a	https://zenodo.org/record/1466139/files/human-AP2A.h5?download=1
human/AP2B	model_files/human-AP2B.h5	ba45925c4c5d0fa06aed90699134965f	https://zenodo.org/record/1466139/files/human-AP2B.h5?download=1
human/AP2C	model_files/human-AP2C.h5	8ee764b2bf5a628ba70f68f94c0f736e	https://zenodo.org/record/1466139/files/human-AP2C.h5?download=1
human/AP2D	model_files/human-AP2D.h5	56f5363916a2c21867885a9e564f2ff4	https://zenodo.org/record/1466139/files/human-AP2D.h5?download=1
human/ARI3A	model_files/human-ARI3A.h5	c2ef6e721fad2d2181ac1b3b08294e47	https://zenodo.org/record/1466139/files/human-ARI3A.h5?download=1
human/ARI5B	model_files/human-ARI5B.h5	121173e26f342279a73378466bbdd2e9	https://zenodo.org/record/1466139/files/human-ARI5B.h5?download=1
human/ARNT	model_files/human-ARNT.h5	c9bb86d4fa126971665c01a081435027	https://zenodo.org/record/1466139/files/human-ARNT.h5?download=1
human/ARNT2	model_files/human-ARNT2.h5	7ede5c3bdf7a4b3633e8e9b7c41112af	https://zenodo.org/record/1466139/files/human-ARNT2.h5?download=1
human/ARX	model_files/human-ARX.h5	973d744a16a92e9c6fe152453e1019f5	https://zenodo.org/record/1466139/files/human-ARX.h5?download=1
human/ASCL2	model_files/human-ASCL2.h5	7f10f8123980a5dfac3aee196daee6cb	https://zenodo.org/record/1466139/files/human-ASCL2.h5?download=1
human/ATF1	model_files/human-ATF1.h5	861eecdbead7fd3542f45d24f3880719	https://zenodo.org/record/1466139/files/human-ATF1.h5?download=1
human/ATF2	model_files/human-ATF2.h5	9dca190a730673194d843c8c3134a0da	https://zenodo.org/record/1466139/files/human-ATF2.h5?download=1
human/ATF3	model_files/human-ATF3.h5	ec1115a618d2105afcd9f96288cab777	https://zenodo.org/record/1466139/files/human-ATF3.h5?download=1
human/ATF6A	model_files/human-ATF6A.h5	d35baf5bea70a57f12db0b10e8ae8d32	https://zenodo.org/record/1466139/files/human-ATF6A.h5?download=1
human/ATF7	model_files/human-ATF7.h5	7491a90f84875693ffb98bd95d8571bf	https://zenodo.org/record/1466139/files/human-ATF7.h5?download=1
human/ATOH1	model_files/human-ATOH1.h5	7c4950015a53310a90118c4d681f239f	https://zenodo.org/record/1466139/files/human-ATOH1.h5?download=1
human/BACH1	model_files/human-BACH1.h5	4251b2848217d9de754464478c96307f	https://zenodo.org/record/1466139/files/human-BACH1.h5?download=1
human/BARH1	model_files/human-BARH1.h5	91b5afddafe8c7de860bba63cac69a37	https://zenodo.org/record/1466139/files/human-BARH1.h5?download=1
human/BARH2	model_files/human-BARH2.h5	1a8bdce635cb19c7ae08deaf9ee6706d	https://zenodo.org/record/1466139/files/human-BARH2.h5?download=1
human/BARX1	model_files/human-BARX1.h5	3ffa66a836549a8c1b84ca9c4d0698d2	https://zenodo.org/record/1466139/files/human-BARX1.h5?download=1
human/BARX2	model_files/human-BARX2.h5	929cd41e311123d10a0696d7a6ef5134	https://zenodo.org/record/1466139/files/human-BARX2.h5?download=1
human/BATF	model_files/human-BATF.h5	8fddacc57a6611f914d40a7160892755	https://zenodo.org/record/1466139/files/human-BATF.h5?download=1
human/BATF3	model_files/human-BATF3.h5	fa2b960f3c711434c394cad473bb5a40	https://zenodo.org/record/1466139/files/human-BATF3.h5?download=1
human/BC11A	model_files/human-BC11A.h5	0f5a6ac67052569e8ea4a0ca0b9abda1	https://zenodo.org/record/1466139/files/human-BC11A.h5?download=1
human/BCL6	model_files/human-BCL6.h5	d9e86e6abbf208e7a072ff723466a6cc	https://zenodo.org/record/1466139/files/human-BCL6.h5?download=1
human/BCL6B	model_files/human-BCL6B.h5	3c42b8c9d063837daf42325b445260c8	https://zenodo.org/record/1466139/files/human-BCL6B.h5?download=1
human/BHA15	model_files/human-BHA15.h5	1e5d360ff98a7cd58737f85e91b59f09	https://zenodo.org/record/1466139/files/human-BHA15.h5?download=1
human/BHE22	model_files/human-BHE22.h5	b8d5703c50a42476b86c75a7adbe4059	https://zenodo.org/record/1466139/files/human-BHE22.h5?download=1
human/BHE23	model_files/human-BHE23.h5	d16485bcced0f422465c28cac6f75dff	https://zenodo.org/record/1466139/files/human-BHE23.h5?download=1
human/BHE40	model_files/human-BHE40.h5	6a3e7867b699cd6a4f955b8d943c6f60	https://zenodo.org/record/1466139/files/human-BHE40.h5?download=1
human/BHE41	model_files/human-BHE41.h5	1b6d3d061f923aebf4dc58afb3fc7434	https://zenodo.org/record/1466139/files/human-BHE41.h5?download=1
human/BMAL1	model_files/human-BMAL1.h5	c6f80814199d82226a8e6aa417d050bc	https://zenodo.org/record/1466139/files/human-BMAL1.h5?download=1
human/BPTF	model_files/human-BPTF.h5	a21124c9e959f933a780721fe94e4c8b	https://zenodo.org/record/1466139/files/human-BPTF.h5?download=1
human/BRAC	model_files/human-BRAC.h5	68d04c6a42db14c87409efeca65d2aec	https://zenodo.org/record/1466139/files/human-BRAC.h5?download=1
human/BRCA1	model_files/human-BRCA1.h5	e1efff035239f156f68799b4f3cba77f	https://zenodo.org/record/1466139/files/human-BRCA1.h5?download=1
human/BSH	model_files/human-BSH.h5	06ab5acfa3c293a7877f88931a80d522	https://zenodo.org/record/1466139/files/human-BSH.h5?download=1
human/CDC5L	model_files/human-CDC5L.h5	ac6cd6acdaa9ee7e54d2029b4a728c3d	https://zenodo.org/record/1466139/files/human-CDC5L.h5?download=1
human/CDX1	model_files/human-CDX1.h5	bdf523aaed240ce7c9156369d93297e9	https://zenodo.org/record/1466139/files/human-CDX1.h5?download=1
human/CDX2	model_files/human-CDX2.h5	cfb63b275fc09ecdd7eddd6388283173	https://zenodo.org/record/1466139/files/human-CDX2.h5?download=1
human/CEBPA	model_files/human-CEBPA.h5	af17cc775161c734d42703b2206e8a24	https://zenodo.org/record/1466139/files/human-CEBPA.h5?download=1
human/CEBPB	model_files/human-CEBPB.h5	f21e7dbcf80d5f3d2d4846a5395c9545	https://zenodo.org/record/1466139/files/human-CEBPB.h5?download=1
human/CEBPD	model_files/human-CEBPD.h5	051c3d63e583d0d1411d895561714398	https://zenodo.org/record/1466139/files/human-CEBPD.h5?download=1
human/CEBPE	model_files/human-CEBPE.h5	76df74d4ef686feb760a71657f9fde36	https://zenodo.org/record/1466139/files/human-CEBPE.h5?download=1
human/CEBPG	model_files/human-CEBPG.h5	093f978cafb7dcdd667ea1a2cf1ad014	https://zenodo.org/record/1466139/files/human-CEBPG.h5?download=1
human/CEBPZ	model_files/human-CEBPZ.h5	9caab98282a36b858aeafbd046a9547f	https://zenodo.org/record/1466139/files/human-CEBPZ.h5?download=1
human/CENPB	model_files/human-CENPB.h5	68f6b0c90933b15bc5abd515673b7c6d	https://zenodo.org/record/1466139/files/human-CENPB.h5?download=1
human/CLOCK	model_files/human-CLOCK.h5	6bd0b03fb57e503f06942bc35d118bdf	https://zenodo.org/record/1466139/files/human-CLOCK.h5?download=1
human/COE1	model_files/human-COE1.h5	8feda4c16ab93014a6db3629bca3ec4f	https://zenodo.org/record/1466139/files/human-COE1.h5?download=1
human/COT1	model_files/human-COT1.h5	a5047b4af9696c85fbaf38b6799fd46b	https://zenodo.org/record/1466139/files/human-COT1.h5?download=1
human/COT2	model_files/human-COT2.h5	9323d9fe2ca97793fbe88a8fdb1c30c4	https://zenodo.org/record/1466139/files/human-COT2.h5?download=1
human/CPEB1	model_files/human-CPEB1.h5	874826fc81255c8f9d437c6d243558ff	https://zenodo.org/record/1466139/files/human-CPEB1.h5?download=1
human/CR3L1	model_files/human-CR3L1.h5	b1bda0f109294cfcda4dd48a22b39619	https://zenodo.org/record/1466139/files/human-CR3L1.h5?download=1
human/CR3L2	model_files/human-CR3L2.h5	e860207a3a9d049a559d13ec29194b59	https://zenodo.org/record/1466139/files/human-CR3L2.h5?download=1
human/CREB1	model_files/human-CREB1.h5	7128b290cead43f51be406ba97ea397d	https://zenodo.org/record/1466139/files/human-CREB1.h5?download=1
human/CREB3	model_files/human-CREB3.h5	2db21576f09e77b7c816665b00da7d7b	https://zenodo.org/record/1466139/files/human-CREB3.h5?download=1
human/CREB5	model_files/human-CREB5.h5	3329fea37732d12f69ab0646b51790e9	https://zenodo.org/record/1466139/files/human-CREB5.h5?download=1
human/CREM	model_files/human-CREM.h5	28832da03c2beb72262c0dbff2c54c67	https://zenodo.org/record/1466139/files/human-CREM.h5?download=1
human/CRX	model_files/human-CRX.h5	8a300ab347aa87a216e883264ad17329	https://zenodo.org/record/1466139/files/human-CRX.h5?download=1
human/CTCF	model_files/human-CTCF.h5	76c51da3b31355762386155fcdf02d42	https://zenodo.org/record/1466139/files/human-CTCF.h5?download=1
human/CTCFL	model_files/human-CTCFL.h5	12d54a7fbca84b2bc338c68a3e5e8365	https://zenodo.org/record/1466139/files/human-CTCFL.h5?download=1
human/CUX1	model_files/human-CUX1.h5	b192a4ad21f16a7b6e91b24caba60126	https://zenodo.org/record/1466139/files/human-CUX1.h5?download=1
human/CUX2	model_files/human-CUX2.h5	89fb3d8ccdf9db1f0c4f64aa0998c83a	https://zenodo.org/record/1466139/files/human-CUX2.h5?download=1
human/CXXC1	model_files/human-CXXC1.h5	5ac140a58506f5b4738c62676fe46559	https://zenodo.org/record/1466139/files/human-CXXC1.h5?download=1
human/DBP	model_files/human-DBP.h5	b674bfae7f301ee4ec1b48b2b26728ce	https://zenodo.org/record/1466139/files/human-DBP.h5?download=1
human/DDIT3	model_files/human-DDIT3.h5	f3d95911a000ad96c3e540087cd8c494	https://zenodo.org/record/1466139/files/human-DDIT3.h5?download=1
human/DLX1	model_files/human-DLX1.h5	007ac0b7ab6caaf38eedc3c50a44e9f5	https://zenodo.org/record/1466139/files/human-DLX1.h5?download=1
human/DLX2	model_files/human-DLX2.h5	736879cc5c12f522304b286447e9dc2f	https://zenodo.org/record/1466139/files/human-DLX2.h5?download=1
human/DLX3	model_files/human-DLX3.h5	b6666dd0251822cf6fac67f05e6875ed	https://zenodo.org/record/1466139/files/human-DLX3.h5?download=1
human/DLX4	model_files/human-DLX4.h5	04114216883ef8bd78a2a70f376e35d3	https://zenodo.org/record/1466139/files/human-DLX4.h5?download=1
human/DLX5	model_files/human-DLX5.h5	43382cbd73bc98f1b99f75867cc4504d	https://zenodo.org/record/1466139/files/human-DLX5.h5?download=1
human/DLX6	model_files/human-DLX6.h5	43b38d1e981df57d9b8fa58af79e3d68	https://zenodo.org/record/1466139/files/human-DLX6.h5?download=1
human/DMBX1	model_files/human-DMBX1.h5	100102b01d61ce32092a27f35e4917bb	https://zenodo.org/record/1466139/files/human-DMBX1.h5?download=1
human/DPRX	model_files/human-DPRX.h5	1ea71fe61a5b86dfef4cffacde14e179	https://zenodo.org/record/1466139/files/human-DPRX.h5?download=1
human/DRGX	model_files/human-DRGX.h5	c43e6f0e156bb0285c4b0ce059f928d7	https://zenodo.org/record/1466139/files/human-DRGX.h5?download=1
human/DUXA	model_files/human-DUXA.h5	362e638e14ff6a33e53e83fc28957928	https://zenodo.org/record/1466139/files/human-DUXA.h5?download=1
human/E2F1	model_files/human-E2F1.h5	403948bc0130771989d248a871677d89	https://zenodo.org/record/1466139/files/human-E2F1.h5?download=1
human/E2F2	model_files/human-E2F2.h5	7c5f65f94cfc795deaf8af75536f5bad	https://zenodo.org/record/1466139/files/human-E2F2.h5?download=1
human/E2F3	model_files/human-E2F3.h5	84c376d5dbbb66a7b395db4a7b245cd5	https://zenodo.org/record/1466139/files/human-E2F3.h5?download=1
human/E2F4	model_files/human-E2F4.h5	63ce15aec8b9176c856c67a52cf28818	https://zenodo.org/record/1466139/files/human-E2F4.h5?download=1
human/E2F5	model_files/human-E2F5.h5	301bcf4679957a8c343007a56ed87a71	https://zenodo.org/record/1466139/files/human-E2F5.h5?download=1
human/E2F6	model_files/human-E2F6.h5	113f944dd549e3bdb7e0198248976f5e	https://zenodo.org/record/1466139/files/human-E2F6.h5?download=1
human/E2F7	model_files/human-E2F7.h5	1498e76c37df8195af14ec49abfd2124	https://zenodo.org/record/1466139/files/human-E2F7.h5?download=1
human/E2F8	model_files/human-E2F8.h5	07cd5e12a7cc4d67aa3b84796d4eb105	https://zenodo.org/record/1466139/files/human-E2F8.h5?download=1
human/E4F1	model_files/human-E4F1.h5	5b0aae3287d3957625858bc635a349eb	https://zenodo.org/record/1466139/files/human-E4F1.h5?download=1
human/EGR1	model_files/human-EGR1.h5	7e74b0340beceb73b14411d2dfe76070	https://zenodo.org/record/1466139/files/human-EGR1.h5?download=1
human/EGR2	model_files/human-EGR2.h5	37979623528e5d8769ea75076c40115f	https://zenodo.org/record/1466139/files/human-EGR2.h5?download=1
human/EGR3	model_files/human-EGR3.h5	44eb61d29104462d53a401a6335a6bbd	https://zenodo.org/record/1466139/files/human-EGR3.h5?download=1
human/EGR4	model_files/human-EGR4.h5	32653cf219e3ebb90e84532e89169df6	https://zenodo.org/record/1466139/files/human-EGR4.h5?download=1
human/EHF	model_files/human-EHF.h5	b78e22873088be183597589ae086c41e	https://zenodo.org/record/1466139/files/human-EHF.h5?download=1
human/ELF1	model_files/human-ELF1.h5	a8f62a09ef8b81825850b7145bb6f9e6	https://zenodo.org/record/1466139/files/human-ELF1.h5?download=1
human/ELF2	model_files/human-ELF2.h5	315c722b2c88b0ecef2d2663ee4ae14f	https://zenodo.org/record/1466139/files/human-ELF2.h5?download=1
human/ELF3	model_files/human-ELF3.h5	e49eacd004d6a0e9534efaf2a138cf59	https://zenodo.org/record/1466139/files/human-ELF3.h5?download=1
human/ELF5	model_files/human-ELF5.h5	f655a24240d8f6a404d9a7f904baf3c6	https://zenodo.org/record/1466139/files/human-ELF5.h5?download=1
human/ELK1	model_files/human-ELK1.h5	49be23cba73eb1bee958c8f2f4650d29	https://zenodo.org/record/1466139/files/human-ELK1.h5?download=1
human/ELK3	model_files/human-ELK3.h5	f175e15bf790a43b0d49d9f3e8694f86	https://zenodo.org/record/1466139/files/human-ELK3.h5?download=1
human/ELK4	model_files/human-ELK4.h5	3fbd3401b346b0a31d7b45dd0d56867f	https://zenodo.org/record/1466139/files/human-ELK4.h5?download=1
human/EMX1	model_files/human-EMX1.h5	ef9dd79050ea245e6d17facfb7ef426e	https://zenodo.org/record/1466139/files/human-EMX1.h5?download=1
human/EMX2	model_files/human-EMX2.h5	a70cd63b52bda499a47bf198ffbf8dee	https://zenodo.org/record/1466139/files/human-EMX2.h5?download=1
human/EOMES	model_files/human-EOMES.h5	a754023b4d07332a42ed29b09d697505	https://zenodo.org/record/1466139/files/human-EOMES.h5?download=1
human/EPAS1	model_files/human-EPAS1.h5	baa757cf003478b47473324a44913f0a	https://zenodo.org/record/1466139/files/human-EPAS1.h5?download=1
human/ERF	model_files/human-ERF.h5	ff47c6ef6d55347938a429d8a00e6ca1	https://zenodo.org/record/1466139/files/human-ERF.h5?download=1
human/ERG	model_files/human-ERG.h5	a7f5d258a8b3190a5bbd937436bd902f	https://zenodo.org/record/1466139/files/human-ERG.h5?download=1
human/ERR1	model_files/human-ERR1.h5	8a59e3154104ddb770a17254aef6c2a0	https://zenodo.org/record/1466139/files/human-ERR1.h5?download=1
human/ERR2	model_files/human-ERR2.h5	003fe5d9e76ff6799aa3e439bc4aae3c	https://zenodo.org/record/1466139/files/human-ERR2.h5?download=1
human/ERR3	model_files/human-ERR3.h5	ca3558db3776750cb871f8280ec57ed9	https://zenodo.org/record/1466139/files/human-ERR3.h5?download=1
human/ESR1	model_files/human-ESR1.h5	156cfd7ab88e61db2a17335e4db9112f	https://zenodo.org/record/1466139/files/human-ESR1.h5?download=1
human/ESR2	model_files/human-ESR2.h5	8ccefe30d1d4579c84a55ff1fb022f6e	https://zenodo.org/record/1466139/files/human-ESR2.h5?download=1
human/ESX1	model_files/human-ESX1.h5	1783e8a93c2ef7fcbc3b56d672bb5506	https://zenodo.org/record/1466139/files/human-ESX1.h5?download=1
human/ETS1	model_files/human-ETS1.h5	331b4485b3f737c950f36887830c2fb9	https://zenodo.org/record/1466139/files/human-ETS1.h5?download=1
human/ETS2	model_files/human-ETS2.h5	48f8729350c99ab13fb96862b07ec1a2	https://zenodo.org/record/1466139/files/human-ETS2.h5?download=1
human/ETV1	model_files/human-ETV1.h5	948ce1753153a1d8b64ed4b1843d5486	https://zenodo.org/record/1466139/files/human-ETV1.h5?download=1
human/ETV2	model_files/human-ETV2.h5	d6276e0b15fca836babc6459cc58bbdb	https://zenodo.org/record/1466139/files/human-ETV2.h5?download=1
human/ETV3	model_files/human-ETV3.h5	5cdd1f22a79962b5c5fdc35e37dc373b	https://zenodo.org/record/1466139/files/human-ETV3.h5?download=1
human/ETV4	model_files/human-ETV4.h5	4557d46e0ae8f84e8e9c3fb5f13461b1	https://zenodo.org/record/1466139/files/human-ETV4.h5?download=1
human/ETV5	model_files/human-ETV5.h5	d344d295bbabfc0ef65adf33beb3422c	https://zenodo.org/record/1466139/files/human-ETV5.h5?download=1
human/ETV6	model_files/human-ETV6.h5	8a7f9746cf851725c04fd8facdbc0959	https://zenodo.org/record/1466139/files/human-ETV6.h5?download=1
human/ETV7	model_files/human-ETV7.h5	d5e50cf967d851f7e035e5fae631ac4b	https://zenodo.org/record/1466139/files/human-ETV7.h5?download=1
human/EVI1	model_files/human-EVI1.h5	f45c338286ed838f307cf510f5bb8f62	https://zenodo.org/record/1466139/files/human-EVI1.h5?download=1
human/EVX1	model_files/human-EVX1.h5	51bd5b383543cb775e98eef92f096335	https://zenodo.org/record/1466139/files/human-EVX1.h5?download=1
human/EVX2	model_files/human-EVX2.h5	0f13b2c5c985b9e3de1fb488ffe34cdc	https://zenodo.org/record/1466139/files/human-EVX2.h5?download=1
human/FEV	model_files/human-FEV.h5	8b44bf9cde7e38051d1326fa37e97e30	https://zenodo.org/record/1466139/files/human-FEV.h5?download=1
human/FIGLA	model_files/human-FIGLA.h5	8ad82e1a56e0079c8f694af9ae76f0a8	https://zenodo.org/record/1466139/files/human-FIGLA.h5?download=1
human/FLI1	model_files/human-FLI1.h5	79e6999d3d774bf823c74ba609576021	https://zenodo.org/record/1466139/files/human-FLI1.h5?download=1
human/FOS	model_files/human-FOS.h5	89bb9616b7f1c40e9416da0baccc0995	https://zenodo.org/record/1466139/files/human-FOS.h5?download=1
human/FOSB	model_files/human-FOSB.h5	3b07ac04efd073d75d2c057b39dd7af4	https://zenodo.org/record/1466139/files/human-FOSB.h5?download=1
human/FOSL1	model_files/human-FOSL1.h5	4b1f32745f93b311f9e88053be4730da	https://zenodo.org/record/1466139/files/human-FOSL1.h5?download=1
human/FOSL2	model_files/human-FOSL2.h5	e214112e2f25da09fe2823d29e12b17d	https://zenodo.org/record/1466139/files/human-FOSL2.h5?download=1
human/FOXA1	model_files/human-FOXA1.h5	82df9be07f49d428840418e37031a54c	https://zenodo.org/record/1466139/files/human-FOXA1.h5?download=1
human/FOXA2	model_files/human-FOXA2.h5	4933c4f1bb95c5fc3364726e06b0a5bb	https://zenodo.org/record/1466139/files/human-FOXA2.h5?download=1
human/FOXA3	model_files/human-FOXA3.h5	47c4f3d7bc8eeb973e1f30b1fc60b857	https://zenodo.org/record/1466139/files/human-FOXA3.h5?download=1
human/FOXB1	model_files/human-FOXB1.h5	027c3a49a631545fde7b7ced84534932	https://zenodo.org/record/1466139/files/human-FOXB1.h5?download=1
human/FOXC1	model_files/human-FOXC1.h5	339c3e1469736a054fdc5bd650a7bd88	https://zenodo.org/record/1466139/files/human-FOXC1.h5?download=1
human/FOXC2	model_files/human-FOXC2.h5	187b5b77a433e03da859023f0e0995aa	https://zenodo.org/record/1466139/files/human-FOXC2.h5?download=1
human/FOXD1	model_files/human-FOXD1.h5	235b5fc66ef021b8576cb1168b5ed16d	https://zenodo.org/record/1466139/files/human-FOXD1.h5?download=1
human/FOXD2	model_files/human-FOXD2.h5	9426027cadec1cbc4f4f01f3da25840e	https://zenodo.org/record/1466139/files/human-FOXD2.h5?download=1
human/FOXD3	model_files/human-FOXD3.h5	1164b1d2db827c78595d2fb2f0ae8851	https://zenodo.org/record/1466139/files/human-FOXD3.h5?download=1
human/FOXF1	model_files/human-FOXF1.h5	f59d057460d6169c2616860dbeb5b1de	https://zenodo.org/record/1466139/files/human-FOXF1.h5?download=1
human/FOXF2	model_files/human-FOXF2.h5	f7e0a45ac45ce44dd8b72f11b68d5659	https://zenodo.org/record/1466139/files/human-FOXF2.h5?download=1
human/FOXG1	model_files/human-FOXG1.h5	fc2eb13770f311228027c7ee5fe6a3e6	https://zenodo.org/record/1466139/files/human-FOXG1.h5?download=1
human/FOXH1	model_files/human-FOXH1.h5	bf1d719ace29dc8d5d0c2cfc60083915	https://zenodo.org/record/1466139/files/human-FOXH1.h5?download=1
human/FOXI1	model_files/human-FOXI1.h5	c48808151450068cff2e5257dbb7c479	https://zenodo.org/record/1466139/files/human-FOXI1.h5?download=1
human/FOXJ2	model_files/human-FOXJ2.h5	36964033056c1f2c1d25a7a7ca10b7fd	https://zenodo.org/record/1466139/files/human-FOXJ2.h5?download=1
human/FOXJ3	model_files/human-FOXJ3.h5	415d8caf819ed33db8a58795601ff094	https://zenodo.org/record/1466139/files/human-FOXJ3.h5?download=1
human/FOXK1	model_files/human-FOXK1.h5	d6ceab6f991516a6ae73382a7052886a	https://zenodo.org/record/1466139/files/human-FOXK1.h5?download=1
human/FOXL1	model_files/human-FOXL1.h5	c3f198aa407b54fea40ff423f2f27167	https://zenodo.org/record/1466139/files/human-FOXL1.h5?download=1
human/FOXM1	model_files/human-FOXM1.h5	36341226d2a33ecaa3a59736b0503e2d	https://zenodo.org/record/1466139/files/human-FOXM1.h5?download=1
human/FOXO1	model_files/human-FOXO1.h5	7ece39ca3e795bee186370c7e0a8b581	https://zenodo.org/record/1466139/files/human-FOXO1.h5?download=1
human/FOXO3	model_files/human-FOXO3.h5	7aefb14524c0e79c0c88205e0437e760	https://zenodo.org/record/1466139/files/human-FOXO3.h5?download=1
human/FOXO4	model_files/human-FOXO4.h5	57639fcbd3cf5673e62daa64da36e4eb	https://zenodo.org/record/1466139/files/human-FOXO4.h5?download=1
human/FOXO6	model_files/human-FOXO6.h5	80657626658d1619acbf99dfed16cc61	https://zenodo.org/record/1466139/files/human-FOXO6.h5?download=1
human/FOXP2	model_files/human-FOXP2.h5	48b632309a0a6dacdc88302267953f38	https://zenodo.org/record/1466139/files/human-FOXP2.h5?download=1
human/FOXP3	model_files/human-FOXP3.h5	a1d8e8fb68ad94a2d4fa7d641139c2f8	https://zenodo.org/record/1466139/files/human-FOXP3.h5?download=1
human/FOXQ1	model_files/human-FOXQ1.h5	b1252bff11e2fb505600318deff80e3b	https://zenodo.org/record/1466139/files/human-FOXQ1.h5?download=1
human/FUBP1	model_files/human-FUBP1.h5	6162a14c9960b8e6504ee7aec1008a09	https://zenodo.org/record/1466139/files/human-FUBP1.h5?download=1
human/GABP1	model_files/human-GABP1.h5	388d91d8d23c4f278369bea0e54e47df	https://zenodo.org/record/1466139/files/human-GABP1.h5?download=1
human/GABPA	model_files/human-GABPA.h5	27bebd61bfd8ee1c728d15adfcbe19d4	https://zenodo.org/record/1466139/files/human-GABPA.h5?download=1
human/GATA1	model_files/human-GATA1.h5	8048235f78db82a5048203d0657fedad	https://zenodo.org/record/1466139/files/human-GATA1.h5?download=1
human/GATA2	model_files/human-GATA2.h5	9efabc7cbc29cae5d1baacc479c1a60f	https://zenodo.org/record/1466139/files/human-GATA2.h5?download=1
human/GATA3	model_files/human-GATA3.h5	96fe6d1efe6c0ea49cff33a469dd710e	https://zenodo.org/record/1466139/files/human-GATA3.h5?download=1
human/GATA4	model_files/human-GATA4.h5	e7b3c1a2be0b241b7df83fc3f49cf446	https://zenodo.org/record/1466139/files/human-GATA4.h5?download=1
human/GATA5	model_files/human-GATA5.h5	4fe66bfd2af71b45c2cf61a79cbac1be	https://zenodo.org/record/1466139/files/human-GATA5.h5?download=1
human/GATA6	model_files/human-GATA6.h5	b25e4c7174b0323752227322affb85ec	https://zenodo.org/record/1466139/files/human-GATA6.h5?download=1
human/GBX1	model_files/human-GBX1.h5	8ca53457d942450ce9c26589a1ff4536	https://zenodo.org/record/1466139/files/human-GBX1.h5?download=1
human/GBX2	model_files/human-GBX2.h5	e2976108f1b17a4cfc585c4029ec497b	https://zenodo.org/record/1466139/files/human-GBX2.h5?download=1
human/GCM1	model_files/human-GCM1.h5	69fe3766341d963966f18d13083ec830	https://zenodo.org/record/1466139/files/human-GCM1.h5?download=1
human/GCM2	model_files/human-GCM2.h5	0357bcb2f39e14937d8eff9158afc241	https://zenodo.org/record/1466139/files/human-GCM2.h5?download=1
human/GCR	model_files/human-GCR.h5	97167de3ed01157da6408650351a13af	https://zenodo.org/record/1466139/files/human-GCR.h5?download=1
human/GFI1	model_files/human-GFI1.h5	763661341048e0d9b7b8f06d23c34293	https://zenodo.org/record/1466139/files/human-GFI1.h5?download=1
human/GFI1B	model_files/human-GFI1B.h5	b55896c7ce4f1ff781c9ad1aea068c8c	https://zenodo.org/record/1466139/files/human-GFI1B.h5?download=1
human/GLI1	model_files/human-GLI1.h5	88cf90185aeb7a35163d9e0e3c433fb7	https://zenodo.org/record/1466139/files/human-GLI1.h5?download=1
human/GLI2	model_files/human-GLI2.h5	0c0a7bb5658cdb15886aad7b0db007a3	https://zenodo.org/record/1466139/files/human-GLI2.h5?download=1
human/GLI3	model_files/human-GLI3.h5	e0a2cc710a47a2f0ccf02a9890ed970d	https://zenodo.org/record/1466139/files/human-GLI3.h5?download=1
human/GLIS1	model_files/human-GLIS1.h5	24b5819c310ccb230a46c4b74af46183	https://zenodo.org/record/1466139/files/human-GLIS1.h5?download=1
human/GLIS2	model_files/human-GLIS2.h5	e996ca4d06f1efef73848d8e7e49fb69	https://zenodo.org/record/1466139/files/human-GLIS2.h5?download=1
human/GLIS3	model_files/human-GLIS3.h5	85f865dbb9597ce3442316e14fc54b0b	https://zenodo.org/record/1466139/files/human-GLIS3.h5?download=1
human/GMEB2	model_files/human-GMEB2.h5	fc30cbcb8b5e69402ec13bf879e9afe9	https://zenodo.org/record/1466139/files/human-GMEB2.h5?download=1
human/GRHL1	model_files/human-GRHL1.h5	2c5ecc48e453b961beb0ab86f698ec09	https://zenodo.org/record/1466139/files/human-GRHL1.h5?download=1
human/GSC	model_files/human-GSC.h5	2129b353b4305faf9e4f16f37412ff56	https://zenodo.org/record/1466139/files/human-GSC.h5?download=1
human/GSC2	model_files/human-GSC2.h5	aef567e3f31af42e1d15ff271db38e0b	https://zenodo.org/record/1466139/files/human-GSC2.h5?download=1
human/GSX1	model_files/human-GSX1.h5	f19e2d0b291f9ad5280b05fdd722bb76	https://zenodo.org/record/1466139/files/human-GSX1.h5?download=1
human/GSX2	model_files/human-GSX2.h5	46233fdad35b111f04779fdfa5c64252	https://zenodo.org/record/1466139/files/human-GSX2.h5?download=1
human/HAND1	model_files/human-HAND1.h5	3c7352a7698e92d388ed3a19f079a6a5	https://zenodo.org/record/1466139/files/human-HAND1.h5?download=1
human/HBP1	model_files/human-HBP1.h5	ce7830ea8d2f6ffe2470bc1379e50530	https://zenodo.org/record/1466139/files/human-HBP1.h5?download=1
human/HEN1	model_files/human-HEN1.h5	614eb7f99f012336da28025cb7e13c24	https://zenodo.org/record/1466139/files/human-HEN1.h5?download=1
human/HES1	model_files/human-HES1.h5	a27c0df8128730e710dfd8758678f52e	https://zenodo.org/record/1466139/files/human-HES1.h5?download=1
human/HES5	model_files/human-HES5.h5	4f1895ceeb4f6bb48c5588bbd19bcdb0	https://zenodo.org/record/1466139/files/human-HES5.h5?download=1
human/HES7	model_files/human-HES7.h5	31d569cc64b4d57279d2165e7b2be4f0	https://zenodo.org/record/1466139/files/human-HES7.h5?download=1
human/HESX1	model_files/human-HESX1.h5	f17f566bd179af1cc6ab0b9069e54f53	https://zenodo.org/record/1466139/files/human-HESX1.h5?download=1
human/HEY1	model_files/human-HEY1.h5	c49af846cf0193361adad595c8aaac9a	https://zenodo.org/record/1466139/files/human-HEY1.h5?download=1
human/HEY2	model_files/human-HEY2.h5	42d892a5fb8fc3302654f796f483269b	https://zenodo.org/record/1466139/files/human-HEY2.h5?download=1
human/HIC1	model_files/human-HIC1.h5	d97c31484427ae3e314793baa556388f	https://zenodo.org/record/1466139/files/human-HIC1.h5?download=1
human/HIC2	model_files/human-HIC2.h5	3bc3f1fe52db576bb2ff9c273a60dc71	https://zenodo.org/record/1466139/files/human-HIC2.h5?download=1
human/HIF1A	model_files/human-HIF1A.h5	e740543bfce9f0c2ed7c5a03d22f3b0b	https://zenodo.org/record/1466139/files/human-HIF1A.h5?download=1
human/HINFP	model_files/human-HINFP.h5	3e2560d0a487082ce7f21246b941aaa1	https://zenodo.org/record/1466139/files/human-HINFP.h5?download=1
human/HLF	model_files/human-HLF.h5	e00a8cff942b021fbff24208a81fe8f6	https://zenodo.org/record/1466139/files/human-HLF.h5?download=1
human/HLTF	model_files/human-HLTF.h5	a4955efecf102b04964db3881b102941	https://zenodo.org/record/1466139/files/human-HLTF.h5?download=1
human/HMBX1	model_files/human-HMBX1.h5	24d34e1ca5e6dc4e94f5535004618bb8	https://zenodo.org/record/1466139/files/human-HMBX1.h5?download=1
human/HME1	model_files/human-HME1.h5	0a27880993a60c656a82c1df830f46e3	https://zenodo.org/record/1466139/files/human-HME1.h5?download=1
human/HME2	model_files/human-HME2.h5	ad1f4fb1fb3fcb407b056294c5fcb4bb	https://zenodo.org/record/1466139/files/human-HME2.h5?download=1
human/HMGA1	model_files/human-HMGA1.h5	6e6d378adb4654210acf61ad831b8d3a	https://zenodo.org/record/1466139/files/human-HMGA1.h5?download=1
human/HMGA2	model_files/human-HMGA2.h5	f315212afa69c17ce44190aefddc29bf	https://zenodo.org/record/1466139/files/human-HMGA2.h5?download=1
human/HMX1	model_files/human-HMX1.h5	e230477d3fc88e17bd6a5f9c0e32ef29	https://zenodo.org/record/1466139/files/human-HMX1.h5?download=1
human/HMX2	model_files/human-HMX2.h5	67cf03f8b63e108066134c8b74749626	https://zenodo.org/record/1466139/files/human-HMX2.h5?download=1
human/HMX3	model_files/human-HMX3.h5	91c4f32c0bf7363452a872641cc934e8	https://zenodo.org/record/1466139/files/human-HMX3.h5?download=1
human/HNF1A	model_files/human-HNF1A.h5	cb13676a588799b583f174ab6a494e14	https://zenodo.org/record/1466139/files/human-HNF1A.h5?download=1
human/HNF1B	model_files/human-HNF1B.h5	e6794705178c1017801de653cf7491b9	https://zenodo.org/record/1466139/files/human-HNF1B.h5?download=1
human/HNF4A	model_files/human-HNF4A.h5	1fb744a94fdcdb5c33006ed600fd3e8d	https://zenodo.org/record/1466139/files/human-HNF4A.h5?download=1
human/HNF4G	model_files/human-HNF4G.h5	8e5997c602b016a8d7ce7c82de541c5a	https://zenodo.org/record/1466139/files/human-HNF4G.h5?download=1
human/HNF6	model_files/human-HNF6.h5	19ac25ad255f9a49ad0131549025d6c3	https://zenodo.org/record/1466139/files/human-HNF6.h5?download=1
human/HOMEZ	model_files/human-HOMEZ.h5	6daddfa2d158f25b8f80a20a8b6b8ee3	https://zenodo.org/record/1466139/files/human-HOMEZ.h5?download=1
human/HSF1	model_files/human-HSF1.h5	bbf3d7edca543de24cc780651416ffa7	https://zenodo.org/record/1466139/files/human-HSF1.h5?download=1
human/HSF2	model_files/human-HSF2.h5	6a8ffddba66cd56399942646976afada	https://zenodo.org/record/1466139/files/human-HSF2.h5?download=1
human/HSF4	model_files/human-HSF4.h5	910f1016e114b582bb9e86cd107bb767	https://zenodo.org/record/1466139/files/human-HSF4.h5?download=1
human/HSFY1	model_files/human-HSFY1.h5	b85deec9e3b16efba3b03960da8ee0ff	https://zenodo.org/record/1466139/files/human-HSFY1.h5?download=1
human/HTF4	model_files/human-HTF4.h5	0e61b68f43e4a4cc8818cebd1813909a	https://zenodo.org/record/1466139/files/human-HTF4.h5?download=1
human/HXA1	model_files/human-HXA1.h5	5ecd7dda666c9e2db852d6706ebabed2	https://zenodo.org/record/1466139/files/human-HXA1.h5?download=1
human/HXA10	model_files/human-HXA10.h5	3c56275780074359d9c8153fef8e6fbc	https://zenodo.org/record/1466139/files/human-HXA10.h5?download=1
human/HXA11	model_files/human-HXA11.h5	56019f79a8f5ba82da12ba5d20baf88a	https://zenodo.org/record/1466139/files/human-HXA11.h5?download=1
human/HXA13	model_files/human-HXA13.h5	64c30b0d57f92f6894bb24aed5d2a6b7	https://zenodo.org/record/1466139/files/human-HXA13.h5?download=1
human/HXA2	model_files/human-HXA2.h5	8730d1edb6d79c660fd394adeac59e7c	https://zenodo.org/record/1466139/files/human-HXA2.h5?download=1
human/HXA5	model_files/human-HXA5.h5	ed10fc7cfa261f16849b7c0dc1c9a6fa	https://zenodo.org/record/1466139/files/human-HXA5.h5?download=1
human/HXA7	model_files/human-HXA7.h5	51024cb0f967c5f434ab8d11428b4fea	https://zenodo.org/record/1466139/files/human-HXA7.h5?download=1
human/HXA9	model_files/human-HXA9.h5	c206c472cc561240cd60c49672b4a1a8	https://zenodo.org/record/1466139/files/human-HXA9.h5?download=1
human/HXB1	model_files/human-HXB1.h5	8526b484f43f601a74a33ec149121b6f	https://zenodo.org/record/1466139/files/human-HXB1.h5?download=1
human/HXB13	model_files/human-HXB13.h5	7a731c2797b326352035823cab0a4c78	https://zenodo.org/record/1466139/files/human-HXB13.h5?download=1
human/HXB2	model_files/human-HXB2.h5	c0455507d78cf67d11d6dd82b008c4a0	https://zenodo.org/record/1466139/files/human-HXB2.h5?download=1
human/HXB3	model_files/human-HXB3.h5	09318479a1fd11d056bb10c575f5ecde	https://zenodo.org/record/1466139/files/human-HXB3.h5?download=1
human/HXB6	model_files/human-HXB6.h5	d9583da79616661066125b244b28bea7	https://zenodo.org/record/1466139/files/human-HXB6.h5?download=1
human/HXB7	model_files/human-HXB7.h5	ac58159dd1d7306bfe0f572089901fc3	https://zenodo.org/record/1466139/files/human-HXB7.h5?download=1
human/HXB8	model_files/human-HXB8.h5	7986f5506b043ac10f2cd525d404ed72	https://zenodo.org/record/1466139/files/human-HXB8.h5?download=1
human/HXC10	model_files/human-HXC10.h5	6101d6d48e3020907dea66c2439c15ca	https://zenodo.org/record/1466139/files/human-HXC10.h5?download=1
human/HXC11	model_files/human-HXC11.h5	cc5f030c41fc05440e599d2912b0607b	https://zenodo.org/record/1466139/files/human-HXC11.h5?download=1
human/HXC12	model_files/human-HXC12.h5	dd3dbf0a22c816991411cf90199b62c3	https://zenodo.org/record/1466139/files/human-HXC12.h5?download=1
human/HXC13	model_files/human-HXC13.h5	90583db93fbfd32456fb2d24808dd352	https://zenodo.org/record/1466139/files/human-HXC13.h5?download=1
human/HXC6	model_files/human-HXC6.h5	5762a7689132778099529c7313e515bf	https://zenodo.org/record/1466139/files/human-HXC6.h5?download=1
human/HXC8	model_files/human-HXC8.h5	96cd55f558d2bc773ad1714c2a012f18	https://zenodo.org/record/1466139/files/human-HXC8.h5?download=1
human/HXD10	model_files/human-HXD10.h5	c511a1bf11c4d4d28c316ab6bd74baa4	https://zenodo.org/record/1466139/files/human-HXD10.h5?download=1
human/HXD11	model_files/human-HXD11.h5	390eecd4a129d13a0f144334c61d041f	https://zenodo.org/record/1466139/files/human-HXD11.h5?download=1
human/HXD12	model_files/human-HXD12.h5	a7e13f415808348a8ebbedff4c0553e1	https://zenodo.org/record/1466139/files/human-HXD12.h5?download=1
human/HXD13	model_files/human-HXD13.h5	0f449a44f3b8a66c9fce820c8fd613f4	https://zenodo.org/record/1466139/files/human-HXD13.h5?download=1
human/HXD3	model_files/human-HXD3.h5	e428fb36c046abb4e1d7a9982da3cf42	https://zenodo.org/record/1466139/files/human-HXD3.h5?download=1
human/HXD4	model_files/human-HXD4.h5	4ceb373d5843e3eb05439761caaad6ec	https://zenodo.org/record/1466139/files/human-HXD4.h5?download=1
human/HXD8	model_files/human-HXD8.h5	26074a85cfd75a29ba74a70a6b01fe7b	https://zenodo.org/record/1466139/files/human-HXD8.h5?download=1
human/HXD9	model_files/human-HXD9.h5	3ac38498e975f45470de3d5f1acf9d9f	https://zenodo.org/record/1466139/files/human-HXD9.h5?download=1
human/ID4	model_files/human-ID4.h5	17863dd64b5f74da9f796a41ad635dd8	https://zenodo.org/record/1466139/files/human-ID4.h5?download=1
human/IKZF1	model_files/human-IKZF1.h5	ae9b69d41ba5b6bdbaca26e09b530033	https://zenodo.org/record/1466139/files/human-IKZF1.h5?download=1
human/INSM1	model_files/human-INSM1.h5	415912dccd7fd345cc9e78958e56691a	https://zenodo.org/record/1466139/files/human-INSM1.h5?download=1
human/IRF1	model_files/human-IRF1.h5	093b3bfb7ec849fa6a51cc5e28f5b491	https://zenodo.org/record/1466139/files/human-IRF1.h5?download=1
human/IRF2	model_files/human-IRF2.h5	c184a1c80ba44081d90658625e823602	https://zenodo.org/record/1466139/files/human-IRF2.h5?download=1
human/IRF3	model_files/human-IRF3.h5	edebc35435c23e399dcf161fc2eafae7	https://zenodo.org/record/1466139/files/human-IRF3.h5?download=1
human/IRF4	model_files/human-IRF4.h5	2ceefe20a3e5821efaf49e0f24a2dd11	https://zenodo.org/record/1466139/files/human-IRF4.h5?download=1
human/IRF5	model_files/human-IRF5.h5	baf877ef3a5a485687e156463f1bf703	https://zenodo.org/record/1466139/files/human-IRF5.h5?download=1
human/IRF7	model_files/human-IRF7.h5	cbc64b9cdd747f987c7f56871dbbd5da	https://zenodo.org/record/1466139/files/human-IRF7.h5?download=1
human/IRF8	model_files/human-IRF8.h5	0f7286ae2c8c71967fc569216841b73c	https://zenodo.org/record/1466139/files/human-IRF8.h5?download=1
human/IRF9	model_files/human-IRF9.h5	353aa0c4f3f045f12ef7f345cd3ef2d2	https://zenodo.org/record/1466139/files/human-IRF9.h5?download=1
human/IRX2	model_files/human-IRX2.h5	022d1c37ddad2e7e582fea733b201990	https://zenodo.org/record/1466139/files/human-IRX2.h5?download=1
human/IRX3	model_files/human-IRX3.h5	97b371df57c44908640ead21a41bd7cc	https://zenodo.org/record/1466139/files/human-IRX3.h5?download=1
human/ISL1	model_files/human-ISL1.h5	5a98791ebfac86f09367513d44c4741f	https://zenodo.org/record/1466139/files/human-ISL1.h5?download=1
human/ISL2	model_files/human-ISL2.h5	85ed08f660b72fa71e798735062dd1fd	https://zenodo.org/record/1466139/files/human-ISL2.h5?download=1
human/ISX	model_files/human-ISX.h5	4f1ccd909d0306761e3a261ae50add6d	https://zenodo.org/record/1466139/files/human-ISX.h5?download=1
human/ITF2	model_files/human-ITF2.h5	65772e35a082a256165183eb6cc98ca5	https://zenodo.org/record/1466139/files/human-ITF2.h5?download=1
human/JDP2	model_files/human-JDP2.h5	89f50dbfef4f96fe43511e68d04c8168	https://zenodo.org/record/1466139/files/human-JDP2.h5?download=1
human/JUN	model_files/human-JUN.h5	044f038d20145905d4f13c5a7486d401	https://zenodo.org/record/1466139/files/human-JUN.h5?download=1
human/JUNB	model_files/human-JUNB.h5	3ed1ddc714d868ad31404372cb2ea7db	https://zenodo.org/record/1466139/files/human-JUNB.h5?download=1
human/JUND	model_files/human-JUND.h5	bb64a335f37cff4537b1bde4c11cab8b	https://zenodo.org/record/1466139/files/human-JUND.h5?download=1
human/KAISO	model_files/human-KAISO.h5	0e6347a39afcd1a93f3bef819ffe0d69	https://zenodo.org/record/1466139/files/human-KAISO.h5?download=1
human/KLF1	model_files/human-KLF1.h5	08fed5777346a5965a04ce684bde08d6	https://zenodo.org/record/1466139/files/human-KLF1.h5?download=1
human/KLF12	model_files/human-KLF12.h5	0156b772f1ebca40aa88aad83900bed9	https://zenodo.org/record/1466139/files/human-KLF12.h5?download=1
human/KLF13	model_files/human-KLF13.h5	ccca25d6e6938433233d02ea871b2b85	https://zenodo.org/record/1466139/files/human-KLF13.h5?download=1
human/KLF14	model_files/human-KLF14.h5	0fde25e04a305827dfd85002926858f9	https://zenodo.org/record/1466139/files/human-KLF14.h5?download=1
human/KLF15	model_files/human-KLF15.h5	95599daddc88d5dc2da8dc813cf258b5	https://zenodo.org/record/1466139/files/human-KLF15.h5?download=1
human/KLF16	model_files/human-KLF16.h5	4ef2eed62976020b20677700d4db8d19	https://zenodo.org/record/1466139/files/human-KLF16.h5?download=1
human/KLF3	model_files/human-KLF3.h5	4984934a383eda324faeef8a40edd19a	https://zenodo.org/record/1466139/files/human-KLF3.h5?download=1
human/KLF4	model_files/human-KLF4.h5	fff87123efc4be6a685535ebb8eff3e4	https://zenodo.org/record/1466139/files/human-KLF4.h5?download=1
human/KLF6	model_files/human-KLF6.h5	1b66cb9fd7571ff435494b6c3cb1b45d	https://zenodo.org/record/1466139/files/human-KLF6.h5?download=1
human/KLF8	model_files/human-KLF8.h5	9401cdf09741da60b02b3bc81986a4c2	https://zenodo.org/record/1466139/files/human-KLF8.h5?download=1
human/LBX2	model_files/human-LBX2.h5	61a73fbd7e1cf2f206f8a9749064533b	https://zenodo.org/record/1466139/files/human-LBX2.h5?download=1
human/LEF1	model_files/human-LEF1.h5	f214767cc61fb028ca4789b4792bfa57	https://zenodo.org/record/1466139/files/human-LEF1.h5?download=1
human/LHX2	model_files/human-LHX2.h5	85661e12559546f14ad488240251db25	https://zenodo.org/record/1466139/files/human-LHX2.h5?download=1
human/LHX3	model_files/human-LHX3.h5	a5cf23c73ecea1766dcfc369d3cbad70	https://zenodo.org/record/1466139/files/human-LHX3.h5?download=1
human/LHX4	model_files/human-LHX4.h5	1a7870bf277d4bfa8498314591c774a0	https://zenodo.org/record/1466139/files/human-LHX4.h5?download=1
human/LHX6	model_files/human-LHX6.h5	72e56a8bd51c5db1d2be074b11948689	https://zenodo.org/record/1466139/files/human-LHX6.h5?download=1
human/LHX8	model_files/human-LHX8.h5	e6b37b033a3557a00556a8a01a7f3037	https://zenodo.org/record/1466139/files/human-LHX8.h5?download=1
human/LHX9	model_files/human-LHX9.h5	5ae961746d984eb0833276c967b26de4	https://zenodo.org/record/1466139/files/human-LHX9.h5?download=1
human/LMX1A	model_files/human-LMX1A.h5	cd7bac71609aab3ff95b0eca7a056096	https://zenodo.org/record/1466139/files/human-LMX1A.h5?download=1
human/LMX1B	model_files/human-LMX1B.h5	528b35d6e04aaff85d5a798da67bdd9f	https://zenodo.org/record/1466139/files/human-LMX1B.h5?download=1
human/MAF	model_files/human-MAF.h5	a22aacda60788a276ff1402b67a92ddc	https://zenodo.org/record/1466139/files/human-MAF.h5?download=1
human/MAFA	model_files/human-MAFA.h5	07f9b19922fa3e600849e6ca07a8deab	https://zenodo.org/record/1466139/files/human-MAFA.h5?download=1
human/MAFB	model_files/human-MAFB.h5	2ab989ad4cb8f740f3154770bdb70107	https://zenodo.org/record/1466139/files/human-MAFB.h5?download=1
human/MAFF	model_files/human-MAFF.h5	d5259dddc8b65a0c5bbd07f18b83c5ad	https://zenodo.org/record/1466139/files/human-MAFF.h5?download=1
human/MAFG	model_files/human-MAFG.h5	881a8710b6d63fceecce453343676d0b	https://zenodo.org/record/1466139/files/human-MAFG.h5?download=1
human/MAFK	model_files/human-MAFK.h5	ce2661727e9604ff3a05304b67d97199	https://zenodo.org/record/1466139/files/human-MAFK.h5?download=1
human/MAX	model_files/human-MAX.h5	71ab4b36e5498ee81758e7fabed32c15	https://zenodo.org/record/1466139/files/human-MAX.h5?download=1
human/MAZ	model_files/human-MAZ.h5	48a92a44c80687ce36f85ae33c4678e9	https://zenodo.org/record/1466139/files/human-MAZ.h5?download=1
human/MBD2	model_files/human-MBD2.h5	c39d50ffe1cdcc5d73b944273363b9d1	https://zenodo.org/record/1466139/files/human-MBD2.h5?download=1
human/MCR	model_files/human-MCR.h5	76a99fb0fbe538958dc662c447f3db34	https://zenodo.org/record/1466139/files/human-MCR.h5?download=1
human/MECP2	model_files/human-MECP2.h5	517064bc46287b41c2002c265aaf6df1	https://zenodo.org/record/1466139/files/human-MECP2.h5?download=1
human/MEF2A	model_files/human-MEF2A.h5	bad336ae50bd4d136cbc4f7b083f9280	https://zenodo.org/record/1466139/files/human-MEF2A.h5?download=1
human/MEF2B	model_files/human-MEF2B.h5	7600675094dc01ca20d679522daf1126	https://zenodo.org/record/1466139/files/human-MEF2B.h5?download=1
human/MEF2C	model_files/human-MEF2C.h5	ebf56f3aef14ea03c2499dfb705b57bd	https://zenodo.org/record/1466139/files/human-MEF2C.h5?download=1
human/MEF2D	model_files/human-MEF2D.h5	104a4c9d1c9b084e4a36d4bc8389b0c5	https://zenodo.org/record/1466139/files/human-MEF2D.h5?download=1
human/MEIS1	model_files/human-MEIS1.h5	ea866299b82f20528bc1bd8baa0eb199	https://zenodo.org/record/1466139/files/human-MEIS1.h5?download=1
human/MEIS2	model_files/human-MEIS2.h5	e1d7c7f70853d3eaaeaa191a068ca7d9	https://zenodo.org/record/1466139/files/human-MEIS2.h5?download=1
human/MEIS3	model_files/human-MEIS3.h5	56b2caa899359729f390de09d380eee9	https://zenodo.org/record/1466139/files/human-MEIS3.h5?download=1
human/MEOX1	model_files/human-MEOX1.h5	4d5afda2cc8fa5906c0fc3dc1c9ee071	https://zenodo.org/record/1466139/files/human-MEOX1.h5?download=1
human/MEOX2	model_files/human-MEOX2.h5	5faa7cde5dad4d8cefd6f6480e95d436	https://zenodo.org/record/1466139/files/human-MEOX2.h5?download=1
human/MESP1	model_files/human-MESP1.h5	11646a30527dd250d30dd69c134564fa	https://zenodo.org/record/1466139/files/human-MESP1.h5?download=1
human/MGAP	model_files/human-MGAP.h5	ed1d456b34eec66918c3e1bf79c731e4	https://zenodo.org/record/1466139/files/human-MGAP.h5?download=1
human/MITF	model_files/human-MITF.h5	4ff206ecf210a593f91db77b80ac31c7	https://zenodo.org/record/1466139/files/human-MITF.h5?download=1
human/MIXL1	model_files/human-MIXL1.h5	4556d6508d00a3337f6de8d314f75e31	https://zenodo.org/record/1466139/files/human-MIXL1.h5?download=1
human/MLX	model_files/human-MLX.h5	08ecae6ec3cb0fa0ebe69485bf608f6b	https://zenodo.org/record/1466139/files/human-MLX.h5?download=1
human/MLXPL	model_files/human-MLXPL.h5	346f410420bf9bd2d7643096fc9c35b7	https://zenodo.org/record/1466139/files/human-MLXPL.h5?download=1
human/MNT	model_files/human-MNT.h5	98a8bdd82ff14518f14c9a4401ce9f08	https://zenodo.org/record/1466139/files/human-MNT.h5?download=1
human/MNX1	model_files/human-MNX1.h5	f2de39d32a24079d4eaa293ddbf22efe	https://zenodo.org/record/1466139/files/human-MNX1.h5?download=1
human/MSX1	model_files/human-MSX1.h5	88bad6af72b601855fcb0307be9fcb91	https://zenodo.org/record/1466139/files/human-MSX1.h5?download=1
human/MSX2	model_files/human-MSX2.h5	25b5f30540ab61992489ee06bde88e7c	https://zenodo.org/record/1466139/files/human-MSX2.h5?download=1
human/MTF1	model_files/human-MTF1.h5	cc0b2d68aabf2ed0269e96650bea8901	https://zenodo.org/record/1466139/files/human-MTF1.h5?download=1
human/MUSC	model_files/human-MUSC.h5	ac213851bd8b5e3a290c118d16e0875a	https://zenodo.org/record/1466139/files/human-MUSC.h5?download=1
human/MYB	model_files/human-MYB.h5	73745e3dd865faeef7d037a978cde2ee	https://zenodo.org/record/1466139/files/human-MYB.h5?download=1
human/MYBA	model_files/human-MYBA.h5	e58a9ccd26e7234d6c0f5f6f0cde1a71	https://zenodo.org/record/1466139/files/human-MYBA.h5?download=1
human/MYBB	model_files/human-MYBB.h5	901fc8cbc25b5c32dd00e27d0c5a1d91	https://zenodo.org/record/1466139/files/human-MYBB.h5?download=1
human/MYC	model_files/human-MYC.h5	c2f3fe662fcabe37d853ea3e660a7b2f	https://zenodo.org/record/1466139/files/human-MYC.h5?download=1
human/MYCN	model_files/human-MYCN.h5	1b0d00b84873a2b4cf548aa74990d082	https://zenodo.org/record/1466139/files/human-MYCN.h5?download=1
human/MYF6	model_files/human-MYF6.h5	f2e09715afeb15d55c4470585b651f67	https://zenodo.org/record/1466139/files/human-MYF6.h5?download=1
human/MYOD1	model_files/human-MYOD1.h5	0ddd2e38d47a5e571166ea2c0c8b256a	https://zenodo.org/record/1466139/files/human-MYOD1.h5?download=1
human/MYOG	model_files/human-MYOG.h5	b182486df1a09707284911dac593f52c	https://zenodo.org/record/1466139/files/human-MYOG.h5?download=1
human/MZF1	model_files/human-MZF1.h5	c6bcc92492174b2b3798f729901687a4	https://zenodo.org/record/1466139/files/human-MZF1.h5?download=1
human/NANOG	model_files/human-NANOG.h5	23e9580442d8fcccf683b7b8f744abaa	https://zenodo.org/record/1466139/files/human-NANOG.h5?download=1
human/NDF1	model_files/human-NDF1.h5	6645fe6bc82edfa394a0866d9c57493c	https://zenodo.org/record/1466139/files/human-NDF1.h5?download=1
human/NDF2	model_files/human-NDF2.h5	0c57730c63031296f6c727dfa4accaf9	https://zenodo.org/record/1466139/files/human-NDF2.h5?download=1
human/NF2L1	model_files/human-NF2L1.h5	69d0acebfb149ec79369e47a29007553	https://zenodo.org/record/1466139/files/human-NF2L1.h5?download=1
human/NF2L2	model_files/human-NF2L2.h5	60ad275b9ed3e0554108f82e5efcddf4	https://zenodo.org/record/1466139/files/human-NF2L2.h5?download=1
human/NFAC1	model_files/human-NFAC1.h5	66c719fa838258c1b539c54d760c94df	https://zenodo.org/record/1466139/files/human-NFAC1.h5?download=1
human/NFAC2	model_files/human-NFAC2.h5	db9723bbbf1dd9217789b220a60db9cb	https://zenodo.org/record/1466139/files/human-NFAC2.h5?download=1
human/NFAC3	model_files/human-NFAC3.h5	aee5c7815f844529f0ca78886c8bb7f2	https://zenodo.org/record/1466139/files/human-NFAC3.h5?download=1
human/NFAC4	model_files/human-NFAC4.h5	53a79fafd7d6bdf0e88494dbe692de39	https://zenodo.org/record/1466139/files/human-NFAC4.h5?download=1
human/NFAT5	model_files/human-NFAT5.h5	ec7fd9d12d101de7cef771c3df429903	https://zenodo.org/record/1466139/files/human-NFAT5.h5?download=1
human/NFE2	model_files/human-NFE2.h5	6bf512dfdf152c113ea821a7d982453a	https://zenodo.org/record/1466139/files/human-NFE2.h5?download=1
human/NFIA	model_files/human-NFIA.h5	e3abd865da596fb2bccf15b741407a09	https://zenodo.org/record/1466139/files/human-NFIA.h5?download=1
human/NFIC	model_files/human-NFIC.h5	96bff7c2b886121130dd83fea5835c18	https://zenodo.org/record/1466139/files/human-NFIC.h5?download=1
human/NFIL3	model_files/human-NFIL3.h5	c4f2d100440167ad4d6d457f12dda48b	https://zenodo.org/record/1466139/files/human-NFIL3.h5?download=1
human/NFKB1	model_files/human-NFKB1.h5	0aab2301ec018f5e483e91af14ebe17e	https://zenodo.org/record/1466139/files/human-NFKB1.h5?download=1
human/NFKB2	model_files/human-NFKB2.h5	87f0bae5dacbfd351cadb3073fde901b	https://zenodo.org/record/1466139/files/human-NFKB2.h5?download=1
human/NFYA	model_files/human-NFYA.h5	0b5afbda5f1c5817b5708ff4c69f6eba	https://zenodo.org/record/1466139/files/human-NFYA.h5?download=1
human/NFYB	model_files/human-NFYB.h5	3efd81a9bfebbde415b63480295cca13	https://zenodo.org/record/1466139/files/human-NFYB.h5?download=1
human/NFYC	model_files/human-NFYC.h5	d3c3071b0574c51438da581bd36ae946	https://zenodo.org/record/1466139/files/human-NFYC.h5?download=1
human/NGN2	model_files/human-NGN2.h5	c95a440e767b4fc4b57626dafb703206	https://zenodo.org/record/1466139/files/human-NGN2.h5?download=1
human/NKX21	model_files/human-NKX21.h5	c1c91f1281822fde8bbd8c0b3bfa7215	https://zenodo.org/record/1466139/files/human-NKX21.h5?download=1
human/NKX22	model_files/human-NKX22.h5	b4860bf745c642e98e8ce3f9135f78dc	https://zenodo.org/record/1466139/files/human-NKX22.h5?download=1
human/NKX23	model_files/human-NKX23.h5	6cdff89dd63443b9aec45f59ba076c8a	https://zenodo.org/record/1466139/files/human-NKX23.h5?download=1
human/NKX25	model_files/human-NKX25.h5	f4f029a13a4127cd677e0edb49f73075	https://zenodo.org/record/1466139/files/human-NKX25.h5?download=1
human/NKX28	model_files/human-NKX28.h5	7d4c45a47ab23f3e572f42e246b1c3d5	https://zenodo.org/record/1466139/files/human-NKX28.h5?download=1
human/NKX31	model_files/human-NKX31.h5	97731d00353d4deed5123a28a62a93ea	https://zenodo.org/record/1466139/files/human-NKX31.h5?download=1
human/NKX32	model_files/human-NKX32.h5	867c93611849f3e6d26ad21ed4769dc7	https://zenodo.org/record/1466139/files/human-NKX32.h5?download=1
human/NKX61	model_files/human-NKX61.h5	98d9e991fcae05a2c5bd4a3075eca2ea	https://zenodo.org/record/1466139/files/human-NKX61.h5?download=1
human/NKX62	model_files/human-NKX62.h5	570d5371659313750ee82feefeb73e54	https://zenodo.org/record/1466139/files/human-NKX62.h5?download=1
human/NOBOX	model_files/human-NOBOX.h5	a368f2eebda64c23702c51195fac7bb1	https://zenodo.org/record/1466139/files/human-NOBOX.h5?download=1
human/NOTO	model_files/human-NOTO.h5	97ef821777fe80b2c9e3c1f9c81174de	https://zenodo.org/record/1466139/files/human-NOTO.h5?download=1
human/NR0B1	model_files/human-NR0B1.h5	c08d9040aee113a1423f1cc61e40c935	https://zenodo.org/record/1466139/files/human-NR0B1.h5?download=1
human/NR1D1	model_files/human-NR1D1.h5	b80041248b65b631a9c88c5217cd6e95	https://zenodo.org/record/1466139/files/human-NR1D1.h5?download=1
human/NR1H2	model_files/human-NR1H2.h5	7506d514c7fd814042826687d9363c47	https://zenodo.org/record/1466139/files/human-NR1H2.h5?download=1
human/NR1H4	model_files/human-NR1H4.h5	7fbb856a3c3fb7bf57548a4d9d42a560	https://zenodo.org/record/1466139/files/human-NR1H4.h5?download=1
human/NR1I2	model_files/human-NR1I2.h5	81c4426d3841743ba3db881ede941172	https://zenodo.org/record/1466139/files/human-NR1I2.h5?download=1
human/NR1I3	model_files/human-NR1I3.h5	1b4416862a0767307d4447eb225988f6	https://zenodo.org/record/1466139/files/human-NR1I3.h5?download=1
human/NR2C1	model_files/human-NR2C1.h5	83cfa808cbf420171b23ad64189b1c80	https://zenodo.org/record/1466139/files/human-NR2C1.h5?download=1
human/NR2C2	model_files/human-NR2C2.h5	a6bec1621567cab74ec61fffaf55e80f	https://zenodo.org/record/1466139/files/human-NR2C2.h5?download=1
human/NR2E1	model_files/human-NR2E1.h5	3859a135a7b5ca074358e18971b8ff9c	https://zenodo.org/record/1466139/files/human-NR2E1.h5?download=1
human/NR2E3	model_files/human-NR2E3.h5	fe66f8f4adb54735909b9f6a5bc1fbab	https://zenodo.org/record/1466139/files/human-NR2E3.h5?download=1
human/NR2F6	model_files/human-NR2F6.h5	48327489889bb6a799abc3a1862eeb23	https://zenodo.org/record/1466139/files/human-NR2F6.h5?download=1
human/NR4A1	model_files/human-NR4A1.h5	b19193989896e36861f4f0e68151692a	https://zenodo.org/record/1466139/files/human-NR4A1.h5?download=1
human/NR4A2	model_files/human-NR4A2.h5	df7da08cfbf3ece593ece9b9b44ca8b2	https://zenodo.org/record/1466139/files/human-NR4A2.h5?download=1
human/NR4A3	model_files/human-NR4A3.h5	e4ca998f2f6394dd0aa378d31c8396c4	https://zenodo.org/record/1466139/files/human-NR4A3.h5?download=1
human/NR5A2	model_files/human-NR5A2.h5	85ca3084fbd9d0478ab73cc6bccc5607	https://zenodo.org/record/1466139/files/human-NR5A2.h5?download=1
human/NR6A1	model_files/human-NR6A1.h5	18aff3e9261d6d8fe050bbc7024309af	https://zenodo.org/record/1466139/files/human-NR6A1.h5?download=1
human/NRF1	model_files/human-NRF1.h5	7a476adc92f6dc878ab8a4f51f55e313	https://zenodo.org/record/1466139/files/human-NRF1.h5?download=1
human/NRL	model_files/human-NRL.h5	b152f8888a9023c85fdb32c637e1a223	https://zenodo.org/record/1466139/files/human-NRL.h5?download=1
human/OLIG1	model_files/human-OLIG1.h5	bbba65818ec5ba69567301f9efa7b376	https://zenodo.org/record/1466139/files/human-OLIG1.h5?download=1
human/OLIG2	model_files/human-OLIG2.h5	266cc97e76ccc203fb4cf2cfc2c89faf	https://zenodo.org/record/1466139/files/human-OLIG2.h5?download=1
human/OLIG3	model_files/human-OLIG3.h5	4ed2c1b87df6d4dddf8a3e08561bd423	https://zenodo.org/record/1466139/files/human-OLIG3.h5?download=1
human/ONEC2	model_files/human-ONEC2.h5	e695585b32f46521a963fca7a0a92af0	https://zenodo.org/record/1466139/files/human-ONEC2.h5?download=1
human/ONEC3	model_files/human-ONEC3.h5	84d59c79195b1d487327a4537eed2d73	https://zenodo.org/record/1466139/files/human-ONEC3.h5?download=1
human/OTX1	model_files/human-OTX1.h5	91293c8333c12e3168eac496da1fdf38	https://zenodo.org/record/1466139/files/human-OTX1.h5?download=1
human/OTX2	model_files/human-OTX2.h5	986c7426e387fbd394edae1e387fc905	https://zenodo.org/record/1466139/files/human-OTX2.h5?download=1
human/OVOL1	model_files/human-OVOL1.h5	d31394bae0d091b565b7ccdd20b7faa1	https://zenodo.org/record/1466139/files/human-OVOL1.h5?download=1
human/P53	model_files/human-P53.h5	e65b793621a447f503cae6ce80c491b3	https://zenodo.org/record/1466139/files/human-P53.h5?download=1
human/P5F1B	model_files/human-P5F1B.h5	b356c29a2b35db2f6a8d9dcc6db681b1	https://zenodo.org/record/1466139/files/human-P5F1B.h5?download=1
human/P63	model_files/human-P63.h5	bb255bfd23ceb30e776c7bf939a9467c	https://zenodo.org/record/1466139/files/human-P63.h5?download=1
human/P73	model_files/human-P73.h5	939a3b6b3f1b23f66406237953ecfbe6	https://zenodo.org/record/1466139/files/human-P73.h5?download=1
human/PAX1	model_files/human-PAX1.h5	744e98935cfe59036d40456016d958dd	https://zenodo.org/record/1466139/files/human-PAX1.h5?download=1
human/PAX2	model_files/human-PAX2.h5	48d8a3cf22ab91ecc90c1f1e8a1f6d2e	https://zenodo.org/record/1466139/files/human-PAX2.h5?download=1
human/PAX3	model_files/human-PAX3.h5	3e05d0f466bc8f47c771a3b7f64ec894	https://zenodo.org/record/1466139/files/human-PAX3.h5?download=1
human/PAX4	model_files/human-PAX4.h5	3bdbd8ff3e6d7a1775e131d96d3793dd	https://zenodo.org/record/1466139/files/human-PAX4.h5?download=1
human/PAX5	model_files/human-PAX5.h5	4349f87f1421f0377700d6221b280f34	https://zenodo.org/record/1466139/files/human-PAX5.h5?download=1
human/PAX6	model_files/human-PAX6.h5	a7b6868dde04e69d49165a70c79175b6	https://zenodo.org/record/1466139/files/human-PAX6.h5?download=1
human/PAX7	model_files/human-PAX7.h5	2b22a065be5f1d1d2fa1a915b2e9fbe2	https://zenodo.org/record/1466139/files/human-PAX7.h5?download=1
human/PAX8	model_files/human-PAX8.h5	a66d7ec12d389f5b7b2e29e153d870fd	https://zenodo.org/record/1466139/files/human-PAX8.h5?download=1
human/PBX1	model_files/human-PBX1.h5	b5716f771a4e4190929fbe9ffd8e3138	https://zenodo.org/record/1466139/files/human-PBX1.h5?download=1
human/PBX2	model_files/human-PBX2.h5	ec8c5ca2608f0dc9473c0d1fe22bdd42	https://zenodo.org/record/1466139/files/human-PBX2.h5?download=1
human/PBX3	model_files/human-PBX3.h5	37e03879e29114cf8b0c6f14462321e1	https://zenodo.org/record/1466139/files/human-PBX3.h5?download=1
human/PDX1	model_files/human-PDX1.h5	39af351a124191765888fb00c8658bd1	https://zenodo.org/record/1466139/files/human-PDX1.h5?download=1
human/PEBB	model_files/human-PEBB.h5	718039e5b4789e1fd4a4cf2e88196253	https://zenodo.org/record/1466139/files/human-PEBB.h5?download=1
human/PHX2A	model_files/human-PHX2A.h5	18b45a00c971dfd5b601fe32c71d4495	https://zenodo.org/record/1466139/files/human-PHX2A.h5?download=1
human/PHX2B	model_files/human-PHX2B.h5	5d83be52e2cbfc176d224d478ad45292	https://zenodo.org/record/1466139/files/human-PHX2B.h5?download=1
human/PIT1	model_files/human-PIT1.h5	3b8a5dc27c6a73e229f213edc2c6a1b1	https://zenodo.org/record/1466139/files/human-PIT1.h5?download=1
human/PITX1	model_files/human-PITX1.h5	08494529e8b2596eda7be641d5e3fd8f	https://zenodo.org/record/1466139/files/human-PITX1.h5?download=1
human/PITX2	model_files/human-PITX2.h5	9aef12bee99c072f0fa344168ad4634f	https://zenodo.org/record/1466139/files/human-PITX2.h5?download=1
human/PITX3	model_files/human-PITX3.h5	708f41121b863a783beed5b30a992b13	https://zenodo.org/record/1466139/files/human-PITX3.h5?download=1
human/PKNX1	model_files/human-PKNX1.h5	fad2bfda158dfc2f3013b4d51cf0170a	https://zenodo.org/record/1466139/files/human-PKNX1.h5?download=1
human/PKNX2	model_files/human-PKNX2.h5	75ce909697412a91f33951410dd5a2dc	https://zenodo.org/record/1466139/files/human-PKNX2.h5?download=1
human/PLAG1	model_files/human-PLAG1.h5	93f2b3a3c3d41f38e562b791efc414c7	https://zenodo.org/record/1466139/files/human-PLAG1.h5?download=1
human/PLAL1	model_files/human-PLAL1.h5	8dfe4305e4551f77125db441776d50e1	https://zenodo.org/record/1466139/files/human-PLAL1.h5?download=1
human/PO2F1	model_files/human-PO2F1.h5	03c08ed96e52ecfa6cfe59eac4d68f9e	https://zenodo.org/record/1466139/files/human-PO2F1.h5?download=1
human/PO2F2	model_files/human-PO2F2.h5	a171e8ce5152047b69642ad8a85cd208	https://zenodo.org/record/1466139/files/human-PO2F2.h5?download=1
human/PO2F3	model_files/human-PO2F3.h5	43ed914c2e967a2de707cbeee52503da	https://zenodo.org/record/1466139/files/human-PO2F3.h5?download=1
human/PO3F1	model_files/human-PO3F1.h5	d856b72f448067c84580973f5f418c2f	https://zenodo.org/record/1466139/files/human-PO3F1.h5?download=1
human/PO3F2	model_files/human-PO3F2.h5	94286fc5a77a8795c622cb747c988a23	https://zenodo.org/record/1466139/files/human-PO3F2.h5?download=1
human/PO3F3	model_files/human-PO3F3.h5	b2e7fe9a499f0e6e53ade49445689278	https://zenodo.org/record/1466139/files/human-PO3F3.h5?download=1
human/PO3F4	model_files/human-PO3F4.h5	ff06bc65ea92b95b03ab80b2a3a99a65	https://zenodo.org/record/1466139/files/human-PO3F4.h5?download=1
human/PO4F1	model_files/human-PO4F1.h5	8e031aa274198fbf639e6a2cd6111807	https://zenodo.org/record/1466139/files/human-PO4F1.h5?download=1
human/PO4F2	model_files/human-PO4F2.h5	d7c9c052b7b1b47cf987e861f3f4ca72	https://zenodo.org/record/1466139/files/human-PO4F2.h5?download=1
human/PO4F3	model_files/human-PO4F3.h5	a6cf145c101e09534d841f90d99dcfde	https://zenodo.org/record/1466139/files/human-PO4F3.h5?download=1
human/PO5F1	model_files/human-PO5F1.h5	2bae87569fd764817ef19a2b8feab35b	https://zenodo.org/record/1466139/files/human-PO5F1.h5?download=1
human/PO6F1	model_files/human-PO6F1.h5	88c68f6e0bb04b721e50ebd480025625	https://zenodo.org/record/1466139/files/human-PO6F1.h5?download=1
human/PO6F2	model_files/human-PO6F2.h5	fbdf71ee0d2144309bfaebd9e8e22eb6	https://zenodo.org/record/1466139/files/human-PO6F2.h5?download=1
human/PPARA	model_files/human-PPARA.h5	0d72c6ac1201b99a1f7d951ae7e73d94	https://zenodo.org/record/1466139/files/human-PPARA.h5?download=1
human/PPARD	model_files/human-PPARD.h5	ff3bd3fa231646bc761d039491a8c737	https://zenodo.org/record/1466139/files/human-PPARD.h5?download=1
human/PPARG	model_files/human-PPARG.h5	56b75c31ec130a9ba31717df8a43dcf3	https://zenodo.org/record/1466139/files/human-PPARG.h5?download=1
human/PRD14	model_files/human-PRD14.h5	80c80d99e32df5392e10399871507479	https://zenodo.org/record/1466139/files/human-PRD14.h5?download=1
human/PRDM1	model_files/human-PRDM1.h5	702a86330d815970c47db7cb1b273fd2	https://zenodo.org/record/1466139/files/human-PRDM1.h5?download=1
human/PRDM4	model_files/human-PRDM4.h5	d91f60f7c009128bcf4417437a572189	https://zenodo.org/record/1466139/files/human-PRDM4.h5?download=1
human/PRGR	model_files/human-PRGR.h5	2f6d2a6a6559f00e4621e50fae372b6d	https://zenodo.org/record/1466139/files/human-PRGR.h5?download=1
human/PROP1	model_files/human-PROP1.h5	a6d25132e87b9e55cbf04b339c8c5af3	https://zenodo.org/record/1466139/files/human-PROP1.h5?download=1
human/PROX1	model_files/human-PROX1.h5	f26c94375081d72c0e2ce7174aafea9b	https://zenodo.org/record/1466139/files/human-PROX1.h5?download=1
human/PRRX1	model_files/human-PRRX1.h5	dbf20e2747342ab6d1b0cc07f7ce5582	https://zenodo.org/record/1466139/files/human-PRRX1.h5?download=1
human/PRRX2	model_files/human-PRRX2.h5	6826a64cf4398a6bebc9572d33230a51	https://zenodo.org/record/1466139/files/human-PRRX2.h5?download=1
human/PTF1A	model_files/human-PTF1A.h5	c2c26cab0738b9d53b63bdef71fe609b	https://zenodo.org/record/1466139/files/human-PTF1A.h5?download=1
human/PURA	model_files/human-PURA.h5	e94e9952acfafea052dd34548379a3a2	https://zenodo.org/record/1466139/files/human-PURA.h5?download=1
human/RARA	model_files/human-RARA.h5	f880ef7f9a2580da4e4899204b383ef6	https://zenodo.org/record/1466139/files/human-RARA.h5?download=1
human/RARB	model_files/human-RARB.h5	d5733e9708def926b199fbb4d0a238f5	https://zenodo.org/record/1466139/files/human-RARB.h5?download=1
human/RARG	model_files/human-RARG.h5	6f20248483bbb0ff537cd48f5fd7a53c	https://zenodo.org/record/1466139/files/human-RARG.h5?download=1
human/RAX2	model_files/human-RAX2.h5	6a93a875dbb24e1c203875155f234c2f	https://zenodo.org/record/1466139/files/human-RAX2.h5?download=1
human/REL	model_files/human-REL.h5	3ec2e47637f77e0d768774704f6b9b8c	https://zenodo.org/record/1466139/files/human-REL.h5?download=1
human/RELB	model_files/human-RELB.h5	6973524f93317e453cc8a93d030539e0	https://zenodo.org/record/1466139/files/human-RELB.h5?download=1
human/REST	model_files/human-REST.h5	63fc54a42dcb65afb22a55da74f360d3	https://zenodo.org/record/1466139/files/human-REST.h5?download=1
human/RFX1	model_files/human-RFX1.h5	3f94c348e2f9595b7ba9772299362ccc	https://zenodo.org/record/1466139/files/human-RFX1.h5?download=1
human/RFX2	model_files/human-RFX2.h5	00c06f561310fed38df9132d94b24825	https://zenodo.org/record/1466139/files/human-RFX2.h5?download=1
human/RFX3	model_files/human-RFX3.h5	8377f2fdc5777a9238717548eed560cf	https://zenodo.org/record/1466139/files/human-RFX3.h5?download=1
human/RFX4	model_files/human-RFX4.h5	a5304a8eca6a039705f2585229122513	https://zenodo.org/record/1466139/files/human-RFX4.h5?download=1
human/RFX5	model_files/human-RFX5.h5	9a0dd3137b851e9f739e92bb4b976279	https://zenodo.org/record/1466139/files/human-RFX5.h5?download=1
human/RHXF1	model_files/human-RHXF1.h5	2a10a203254a04c68befca7da5e95a9e	https://zenodo.org/record/1466139/files/human-RHXF1.h5?download=1
human/RORA	model_files/human-RORA.h5	2356fb35158bc87d22df1cb363f7d711	https://zenodo.org/record/1466139/files/human-RORA.h5?download=1
human/RORG	model_files/human-RORG.h5	8b0159d01c0c103ddad39ffe69ff3a23	https://zenodo.org/record/1466139/files/human-RORG.h5?download=1
human/RREB1	model_files/human-RREB1.h5	7c114fd296e62bf5bddffcdb81caeccb	https://zenodo.org/record/1466139/files/human-RREB1.h5?download=1
human/RUNX1	model_files/human-RUNX1.h5	0fb7f31155f599e9974f58321e2c97ce	https://zenodo.org/record/1466139/files/human-RUNX1.h5?download=1
human/RUNX2	model_files/human-RUNX2.h5	9a13d8b29c96a011206378f4d92bbba6	https://zenodo.org/record/1466139/files/human-RUNX2.h5?download=1
human/RUNX3	model_files/human-RUNX3.h5	ed38a5b359c3fa73fc7143ba3b1b9741	https://zenodo.org/record/1466139/files/human-RUNX3.h5?download=1
human/RX	model_files/human-RX.h5	f7b52cfa0fcbd0c70015bb05c7697766	https://zenodo.org/record/1466139/files/human-RX.h5?download=1
human/RXRA	model_files/human-RXRA.h5	be32388b09255d7bfbd4ac5721cbaf85	https://zenodo.org/record/1466139/files/human-RXRA.h5?download=1
human/RXRB	model_files/human-RXRB.h5	150cdd3c5b950a1d10a8eb8790480d72	https://zenodo.org/record/1466139/files/human-RXRB.h5?download=1
human/RXRG	model_files/human-RXRG.h5	9765a5182e403558a83c7cf975274a30	https://zenodo.org/record/1466139/files/human-RXRG.h5?download=1
human/SCRT1	model_files/human-SCRT1.h5	442bc3f4203ff4316c01220362226740	https://zenodo.org/record/1466139/files/human-SCRT1.h5?download=1
human/SCRT2	model_files/human-SCRT2.h5	9761bf8c31e036385ccfe6b5bb21391b	https://zenodo.org/record/1466139/files/human-SCRT2.h5?download=1
human/SHOX	model_files/human-SHOX.h5	839a60ae72cb09cb34c0012c6596eb03	https://zenodo.org/record/1466139/files/human-SHOX.h5?download=1
human/SHOX2	model_files/human-SHOX2.h5	3de603e8446cddb309039f87aa17fff1	https://zenodo.org/record/1466139/files/human-SHOX2.h5?download=1
human/SMAD1	model_files/human-SMAD1.h5	955854665dd99794d12d7ed80ba0dbca	https://zenodo.org/record/1466139/files/human-SMAD1.h5?download=1
human/SMAD2	model_files/human-SMAD2.h5	da3d3f2dd1f6c6b250b6b1ea3ef00185	https://zenodo.org/record/1466139/files/human-SMAD2.h5?download=1
human/SMAD3	model_files/human-SMAD3.h5	93894d1fd302300e5888ce094fdd25fa	https://zenodo.org/record/1466139/files/human-SMAD3.h5?download=1
human/SMAD4	model_files/human-SMAD4.h5	099423f0e3a13ab50e26a6a2fb79baa2	https://zenodo.org/record/1466139/files/human-SMAD4.h5?download=1
human/SMRC1	model_files/human-SMRC1.h5	b533a482dfdc3dfb882dc1e02a2eca8d	https://zenodo.org/record/1466139/files/human-SMRC1.h5?download=1
human/SNAI1	model_files/human-SNAI1.h5	ab4c7a901edfb6e55d33b620bc24f495	https://zenodo.org/record/1466139/files/human-SNAI1.h5?download=1
human/SNAI2	model_files/human-SNAI2.h5	22a1a87109e81b344dfbfaebd9a90e14	https://zenodo.org/record/1466139/files/human-SNAI2.h5?download=1
human/SOX1	model_files/human-SOX1.h5	22e9c35a235873b08583dc3ced213bfb	https://zenodo.org/record/1466139/files/human-SOX1.h5?download=1
human/SOX10	model_files/human-SOX10.h5	c455b5ae963b5fb7b70ef4fc6dfef4b5	https://zenodo.org/record/1466139/files/human-SOX10.h5?download=1
human/SOX11	model_files/human-SOX11.h5	b3618e423a1528921527866c48043f4f	https://zenodo.org/record/1466139/files/human-SOX11.h5?download=1
human/SOX13	model_files/human-SOX13.h5	d149da5731e9ddfb22f0316186ec5696	https://zenodo.org/record/1466139/files/human-SOX13.h5?download=1
human/SOX15	model_files/human-SOX15.h5	1c5285e0479cb20a71f6e6a94016ffad	https://zenodo.org/record/1466139/files/human-SOX15.h5?download=1
human/SOX17	model_files/human-SOX17.h5	8d8eb0e9384613b6f2b26165825ccd7b	https://zenodo.org/record/1466139/files/human-SOX17.h5?download=1
human/SOX18	model_files/human-SOX18.h5	b7646b9f6b060a8eb3555d08308524b2	https://zenodo.org/record/1466139/files/human-SOX18.h5?download=1
human/SOX2	model_files/human-SOX2.h5	3f7e3baa8470545c5c37a5cd090840e9	https://zenodo.org/record/1466139/files/human-SOX2.h5?download=1
human/SOX21	model_files/human-SOX21.h5	3d387a401e8719e90ee69319c1b114cf	https://zenodo.org/record/1466139/files/human-SOX21.h5?download=1
human/SOX3	model_files/human-SOX3.h5	fc73ed82a260f89ea0f3c685006b6074	https://zenodo.org/record/1466139/files/human-SOX3.h5?download=1
human/SOX4	model_files/human-SOX4.h5	2125c2bbabe5ef736cab1367d15b0c2c	https://zenodo.org/record/1466139/files/human-SOX4.h5?download=1
human/SOX5	model_files/human-SOX5.h5	12e10adb176188cd8c1578bc3eea6f26	https://zenodo.org/record/1466139/files/human-SOX5.h5?download=1
human/SOX7	model_files/human-SOX7.h5	f34e224291eb8b1b04b1cd1b7d6c106f	https://zenodo.org/record/1466139/files/human-SOX7.h5?download=1
human/SOX8	model_files/human-SOX8.h5	f6bc45d83de00a5d6b9b359574e52abc	https://zenodo.org/record/1466139/files/human-SOX8.h5?download=1
human/SOX9	model_files/human-SOX9.h5	f9f62d2311dc00c3d20252f15fb35345	https://zenodo.org/record/1466139/files/human-SOX9.h5?download=1
human/SP1	model_files/human-SP1.h5	671212c132aa271a34e12a358a7e9f4a	https://zenodo.org/record/1466139/files/human-SP1.h5?download=1
human/SP2	model_files/human-SP2.h5	d539c53bbf0c07380585ab02f5ff22a7	https://zenodo.org/record/1466139/files/human-SP2.h5?download=1
human/SP3	model_files/human-SP3.h5	852f96b95e291cfd92931fd9e29a67b7	https://zenodo.org/record/1466139/files/human-SP3.h5?download=1
human/SP4	model_files/human-SP4.h5	c5e420c14f92ad2d3d92b9c624cdffcf	https://zenodo.org/record/1466139/files/human-SP4.h5?download=1
human/SPDEF	model_files/human-SPDEF.h5	7afd8d1d22c16dddf2898c6dfeb01c3b	https://zenodo.org/record/1466139/files/human-SPDEF.h5?download=1
human/SPI1	model_files/human-SPI1.h5	d5070b9e3816ba49c558a97393162678	https://zenodo.org/record/1466139/files/human-SPI1.h5?download=1
human/SPIB	model_files/human-SPIB.h5	fc50084378374693dee8978b5b91b002	https://zenodo.org/record/1466139/files/human-SPIB.h5?download=1
human/SPIC	model_files/human-SPIC.h5	4c68d2d0f12895a344cb5dcac1df5822	https://zenodo.org/record/1466139/files/human-SPIC.h5?download=1
human/SPZ1	model_files/human-SPZ1.h5	8af88a0cef94669bcbbb76b7899db8ab	https://zenodo.org/record/1466139/files/human-SPZ1.h5?download=1
human/SRBP1	model_files/human-SRBP1.h5	6bc0c6db802edd6ae5ba0b0adab92862	https://zenodo.org/record/1466139/files/human-SRBP1.h5?download=1
human/SRBP2	model_files/human-SRBP2.h5	6ff28db7ad7fc97e7a5c974ed74dc7e9	https://zenodo.org/record/1466139/files/human-SRBP2.h5?download=1
human/SRF	model_files/human-SRF.h5	17f73282e2e546186cf88ec2c96a3746	https://zenodo.org/record/1466139/files/human-SRF.h5?download=1
human/SRY	model_files/human-SRY.h5	4491de079c8ed9c2c7b0ad3ff6015602	https://zenodo.org/record/1466139/files/human-SRY.h5?download=1
human/STA5A	model_files/human-STA5A.h5	e5190719b24147a66909b572c9a8360d	https://zenodo.org/record/1466139/files/human-STA5A.h5?download=1
human/STA5B	model_files/human-STA5B.h5	e7af206315258710d711d45fcca34986	https://zenodo.org/record/1466139/files/human-STA5B.h5?download=1
human/STAT1	model_files/human-STAT1.h5	4a6d3981e9041851b9d66b0542e95772	https://zenodo.org/record/1466139/files/human-STAT1.h5?download=1
human/STAT2	model_files/human-STAT2.h5	eab08c517f841dae01166e419d85bbde	https://zenodo.org/record/1466139/files/human-STAT2.h5?download=1
human/STAT3	model_files/human-STAT3.h5	b4c4230c87965b60587e038856df1ccd	https://zenodo.org/record/1466139/files/human-STAT3.h5?download=1
human/STAT4	model_files/human-STAT4.h5	71e37d7df819e3d11234b991df29f675	https://zenodo.org/record/1466139/files/human-STAT4.h5?download=1
human/STAT6	model_files/human-STAT6.h5	0c8432653a794232e9f74b5216f1885b	https://zenodo.org/record/1466139/files/human-STAT6.h5?download=1
human/STF1	model_files/human-STF1.h5	d24639ba21e01dd9c8ab862eecf3b2b5	https://zenodo.org/record/1466139/files/human-STF1.h5?download=1
human/SUH	model_files/human-SUH.h5	877f26c0dbfd1a87b109268dc3715f5f	https://zenodo.org/record/1466139/files/human-SUH.h5?download=1
human/TAL1	model_files/human-TAL1.h5	12468057a6d1f1535c67b963e5ea8c36	https://zenodo.org/record/1466139/files/human-TAL1.h5?download=1
human/TBP	model_files/human-TBP.h5	0c5405ec028477c8b0ae129a1e505405	https://zenodo.org/record/1466139/files/human-TBP.h5?download=1
human/TBR1	model_files/human-TBR1.h5	a761dffaf405b27e567694ff7889f8d4	https://zenodo.org/record/1466139/files/human-TBR1.h5?download=1
human/TBX1	model_files/human-TBX1.h5	9671d72ee894f17161c202534f738fd0	https://zenodo.org/record/1466139/files/human-TBX1.h5?download=1
human/TBX15	model_files/human-TBX15.h5	f43d859fa1a56eee8a057de7b8069b6a	https://zenodo.org/record/1466139/files/human-TBX15.h5?download=1
human/TBX19	model_files/human-TBX19.h5	7c1299f03c872087cbd9a9ee3fb17bc0	https://zenodo.org/record/1466139/files/human-TBX19.h5?download=1
human/TBX2	model_files/human-TBX2.h5	1ed36cc062ae83423e9c2b38b20b4338	https://zenodo.org/record/1466139/files/human-TBX2.h5?download=1
human/TBX20	model_files/human-TBX20.h5	d3fce9a57a1deaafb844a8e2bbb689b7	https://zenodo.org/record/1466139/files/human-TBX20.h5?download=1
human/TBX21	model_files/human-TBX21.h5	ba2ecb48a5a2fc09eb0b64af5167426d	https://zenodo.org/record/1466139/files/human-TBX21.h5?download=1
human/TBX3	model_files/human-TBX3.h5	1447aab5f0a56e386a11e663f3ec68da	https://zenodo.org/record/1466139/files/human-TBX3.h5?download=1
human/TBX4	model_files/human-TBX4.h5	01d0ba62d2b2c3c716431898df060ced	https://zenodo.org/record/1466139/files/human-TBX4.h5?download=1
human/TBX5	model_files/human-TBX5.h5	171d18db76e86eea2f758fded4890b8d	https://zenodo.org/record/1466139/files/human-TBX5.h5?download=1
human/TCF7	model_files/human-TCF7.h5	2bc86fe6ff517ca6eadad777c0441836	https://zenodo.org/record/1466139/files/human-TCF7.h5?download=1
human/TEAD1	model_files/human-TEAD1.h5	33c3045ab8b56d588da370e5ea2909a8	https://zenodo.org/record/1466139/files/human-TEAD1.h5?download=1
human/TEAD3	model_files/human-TEAD3.h5	db4e35d28e3e47c13419f7f2c3248a42	https://zenodo.org/record/1466139/files/human-TEAD3.h5?download=1
human/TEAD4	model_files/human-TEAD4.h5	3333993d0fd05c4aa4a339c51cba1eaa	https://zenodo.org/record/1466139/files/human-TEAD4.h5?download=1
human/TEF	model_files/human-TEF.h5	2eb67936fd99ea79fce351ea5fd47515	https://zenodo.org/record/1466139/files/human-TEF.h5?download=1
human/TF2LX	model_files/human-TF2LX.h5	6c561f2fbc2610627c5aa27b94abf33a	https://zenodo.org/record/1466139/files/human-TF2LX.h5?download=1
human/TF65	model_files/human-TF65.h5	e78fa2acfccebfad8bbb379312f65185	https://zenodo.org/record/1466139/files/human-TF65.h5?download=1
human/TF7L1	model_files/human-TF7L1.h5	b8f9a17913e1dfa2bcb4a15b0ba48e9c	https://zenodo.org/record/1466139/files/human-TF7L1.h5?download=1
human/TF7L2	model_files/human-TF7L2.h5	2bfe8d51b582634a573ab8d889123d84	https://zenodo.org/record/1466139/files/human-TF7L2.h5?download=1
human/TFAP4	model_files/human-TFAP4.h5	2f7f28833ffa9f8abfeadce7c4684df4	https://zenodo.org/record/1466139/files/human-TFAP4.h5?download=1
human/TFCP2	model_files/human-TFCP2.h5	b3c42a5e6176e687ceffa5c21d9ebeef	https://zenodo.org/record/1466139/files/human-TFCP2.h5?download=1
human/TFDP1	model_files/human-TFDP1.h5	444fa7ba0ef7ae05cd4cd8e7aed449b6	https://zenodo.org/record/1466139/files/human-TFDP1.h5?download=1
human/TFE2	model_files/human-TFE2.h5	2e9c9c8b0d66def004503b12ea339a82	https://zenodo.org/record/1466139/files/human-TFE2.h5?download=1
human/TFE3	model_files/human-TFE3.h5	5b19e9023cd944bc2a2ae1f044a99f1b	https://zenodo.org/record/1466139/files/human-TFE3.h5?download=1
human/TFEB	model_files/human-TFEB.h5	84c7f9499efb15e31d1109024e81f3a3	https://zenodo.org/record/1466139/files/human-TFEB.h5?download=1
human/TGIF1	model_files/human-TGIF1.h5	a0143d9dbbdaeadd11572bfdd0c5484c	https://zenodo.org/record/1466139/files/human-TGIF1.h5?download=1
human/TGIF2	model_files/human-TGIF2.h5	727114d7837a23959db00607445ec419	https://zenodo.org/record/1466139/files/human-TGIF2.h5?download=1
human/THA	model_files/human-THA.h5	e914f10c2bf08d8b2ded255c8d24cd22	https://zenodo.org/record/1466139/files/human-THA.h5?download=1
human/THAP1	model_files/human-THAP1.h5	c654adbd4822056c6e46779e754be6ff	https://zenodo.org/record/1466139/files/human-THAP1.h5?download=1
human/THB	model_files/human-THB.h5	e29f25503bbb55c62cd6596bd3c5cc6e	https://zenodo.org/record/1466139/files/human-THB.h5?download=1
human/TLX1	model_files/human-TLX1.h5	b041b8507948ec2cf255e50125967447	https://zenodo.org/record/1466139/files/human-TLX1.h5?download=1
human/TWST1	model_files/human-TWST1.h5	b6bd4c6af1fb38484c624170fda2f4a9	https://zenodo.org/record/1466139/files/human-TWST1.h5?download=1
human/TYY1	model_files/human-TYY1.h5	c39eb5d651b380fbf1a41860adf5926a	https://zenodo.org/record/1466139/files/human-TYY1.h5?download=1
human/TYY2	model_files/human-TYY2.h5	a2e7972a9b3c077c1431435adf8cbce8	https://zenodo.org/record/1466139/files/human-TYY2.h5?download=1
human/UBIP1	model_files/human-UBIP1.h5	21318b72498523f07e572920a88bdb2b	https://zenodo.org/record/1466139/files/human-UBIP1.h5?download=1
human/UNC4	model_files/human-UNC4.h5	90a5ebbb6d0539406a2ac0f61fd21f49	https://zenodo.org/record/1466139/files/human-UNC4.h5?download=1
human/USF1	model_files/human-USF1.h5	81744619168621e667e58ac2c1569edd	https://zenodo.org/record/1466139/files/human-USF1.h5?download=1
human/USF2	model_files/human-USF2.h5	85ab9d4e3523ec62f465af6e26186846	https://zenodo.org/record/1466139/files/human-USF2.h5?download=1
human/VAX1	model_files/human-VAX1.h5	f51eb2910e8aafe7a49248bd8b734177	https://zenodo.org/record/1466139/files/human-VAX1.h5?download=1
human/VAX2	model_files/human-VAX2.h5	64555881b2a5faa48be922cec9ab0d8b	https://zenodo.org/record/1466139/files/human-VAX2.h5?download=1
human/VDR	model_files/human-VDR.h5	825546faee27f7f743d2b9018ec139ee	https://zenodo.org/record/1466139/files/human-VDR.h5?download=1
human/VENTX	model_files/human-VENTX.h5	e0943925a93dc9edca2f875a60c1002c	https://zenodo.org/record/1466139/files/human-VENTX.h5?download=1
human/VSX1	model_files/human-VSX1.h5	2a4a3af26205230e1f808804c7b49f28	https://zenodo.org/record/1466139/files/human-VSX1.h5?download=1
human/VSX2	model_files/human-VSX2.h5	f93682bd74bc893df7dbf6087441861e	https://zenodo.org/record/1466139/files/human-VSX2.h5?download=1
human/WT1	model_files/human-WT1.h5	63cd58cca6e7b661e35cc5c1975b5e45	https://zenodo.org/record/1466139/files/human-WT1.h5?download=1
human/XBP1	model_files/human-XBP1.h5	f7f64694d73b5f89d5b9760fdc9d1e01	https://zenodo.org/record/1466139/files/human-XBP1.h5?download=1
human/YBOX1	model_files/human-YBOX1.h5	5bd6a091760f899053be6de22f733419	https://zenodo.org/record/1466139/files/human-YBOX1.h5?download=1
human/ZBED1	model_files/human-ZBED1.h5	9d1bd88b1b34faa631362d646b1816be	https://zenodo.org/record/1466139/files/human-ZBED1.h5?download=1
human/ZBT18	model_files/human-ZBT18.h5	5d73946c40747abb1dddb5341f374a3a	https://zenodo.org/record/1466139/files/human-ZBT18.h5?download=1
human/ZBT49	model_files/human-ZBT49.h5	d7680e13b0318f5c3c7be250be9e4e6c	https://zenodo.org/record/1466139/files/human-ZBT49.h5?download=1
human/ZBT7A	model_files/human-ZBT7A.h5	3b6bae29f229c5fb2d0f47c4da9f3ef6	https://zenodo.org/record/1466139/files/human-ZBT7A.h5?download=1
human/ZBT7B	model_files/human-ZBT7B.h5	f75f31fc7d508d590443656c06243f37	https://zenodo.org/record/1466139/files/human-ZBT7B.h5?download=1
human/ZBTB4	model_files/human-ZBTB4.h5	1b954d06cb3ee835089bc48149f61039	https://zenodo.org/record/1466139/files/human-ZBTB4.h5?download=1
human/ZBTB6	model_files/human-ZBTB6.h5	507dab70f78a7d08421cb2846ddda78c	https://zenodo.org/record/1466139/files/human-ZBTB6.h5?download=1
human/ZEB1	model_files/human-ZEB1.h5	fee863bdbb1dc91bff714633d53da02f	https://zenodo.org/record/1466139/files/human-ZEB1.h5?download=1
human/ZEP1	model_files/human-ZEP1.h5	c3ec465684f3a1347ecd9b7368d13dbe	https://zenodo.org/record/1466139/files/human-ZEP1.h5?download=1
human/ZEP2	model_files/human-ZEP2.h5	c8c613d3083335e56792981f0d52e23c	https://zenodo.org/record/1466139/files/human-ZEP2.h5?download=1
human/ZFHX3	model_files/human-ZFHX3.h5	35f63773c6cd467e42dd55333f1acfc8	https://zenodo.org/record/1466139/files/human-ZFHX3.h5?download=1
human/ZFX	model_files/human-ZFX.h5	c5e039e899123ac55b7871f4a909a391	https://zenodo.org/record/1466139/files/human-ZFX.h5?download=1
human/ZIC1	model_files/human-ZIC1.h5	c176b16b2bb874f04bc4936936b0d0f8	https://zenodo.org/record/1466139/files/human-ZIC1.h5?download=1
human/ZIC2	model_files/human-ZIC2.h5	9cd8d7a71030aee4c8f8065b59c7bf02	https://zenodo.org/record/1466139/files/human-ZIC2.h5?download=1
human/ZIC3	model_files/human-ZIC3.h5	5027ae3aef133a4007a3491882f1af7b	https://zenodo.org/record/1466139/files/human-ZIC3.h5?download=1
human/ZIC4	model_files/human-ZIC4.h5	044904f83ceff39c0aeb4036d608452c	https://zenodo.org/record/1466139/files/human-ZIC4.h5?download=1
human/ZKSC1	model_files/human-ZKSC1.h5	9f9a757e735fa69b79e8b22527af9b63	https://zenodo.org/record/1466139/files/human-ZKSC1.h5?download=1
human/ZKSC3	model_files/human-ZKSC3.h5	a5a997603cadb39150d111589f55bd66	https://zenodo.org/record/1466139/files/human-ZKSC3.h5?download=1
human/ZN143	model_files/human-ZN143.h5	d5a5c47cfea5e75c34ba2f6ff120cf0c	https://zenodo.org/record/1466139/files/human-ZN143.h5?download=1
human/ZN148	model_files/human-ZN148.h5	350df93e76cb8e12318560b0e3267cfe	https://zenodo.org/record/1466139/files/human-ZN148.h5?download=1
human/ZN219	model_files/human-ZN219.h5	18f6756f4d1c83a1bfa9c335eef6f48f	https://zenodo.org/record/1466139/files/human-ZN219.h5?download=1
human/ZN232	model_files/human-ZN232.h5	09dc8710500d2772e2e5ea9af0e05dc2	https://zenodo.org/record/1466139/files/human-ZN232.h5?download=1
human/ZN282	model_files/human-ZN282.h5	aedd355c5545a484b68bed41c79ff8b7	https://zenodo.org/record/1466139/files/human-ZN282.h5?download=1
human/ZN333	model_files/human-ZN333.h5	f5beef0092e08d53cb51db1af43ea5f0	https://zenodo.org/record/1466139/files/human-ZN333.h5?download=1
human/ZN350	model_files/human-ZN350.h5	ddc000d33fd45de8442b65f77e0a2d0d	https://zenodo.org/record/1466139/files/human-ZN350.h5?download=1
human/ZN384	model_files/human-ZN384.h5	b9dca9feeb3558b1329c02662ea0e060	https://zenodo.org/record/1466139/files/human-ZN384.h5?download=1
human/ZN410	model_files/human-ZN410.h5	196f1ee09c09bf550e44bc77fdc69ac7	https://zenodo.org/record/1466139/files/human-ZN410.h5?download=1
human/ZN423	model_files/human-ZN423.h5	4f7d909cc01cd1f1d2a3bb6f3d0f88d1	https://zenodo.org/record/1466139/files/human-ZN423.h5?download=1
human/ZN524	model_files/human-ZN524.h5	37a88e2394e14503d9bcf3d3d7edf608	https://zenodo.org/record/1466139/files/human-ZN524.h5?download=1
human/ZN589	model_files/human-ZN589.h5	349e632fcd89f7195916785a60d5e6cb	https://zenodo.org/record/1466139/files/human-ZN589.h5?download=1
human/ZN639	model_files/human-ZN639.h5	4ca60eebe21e1d599c68b51e7ea186d0	https://zenodo.org/record/1466139/files/human-ZN639.h5?download=1
human/ZN652	model_files/human-ZN652.h5	53d8967f384c02447c4449eff5e51557	https://zenodo.org/record/1466139/files/human-ZN652.h5?download=1
human/ZN713	model_files/human-ZN713.h5	5201a686f8c54ba686c8a708704dd722	https://zenodo.org/record/1466139/files/human-ZN713.h5?download=1
human/ZN740	model_files/human-ZN740.h5	1027f9e3d1c12e5d9c563bfec2f0a998	https://zenodo.org/record/1466139/files/human-ZN740.h5?download=1
human/ZN784	model_files/human-ZN784.h5	922322e9aa0d7bfa5556e22975197645	https://zenodo.org/record/1466139/files/human-ZN784.h5?download=1
human/ZSC16	model_files/human-ZSC16.h5	f80217013da4e55622a0342ff32587ed	https://zenodo.org/record/1466139/files/human-ZSC16.h5?download=1
human/ZSCA4	model_files/human-ZSCA4.h5	110cc6bd16569288835ca9c138ac1d8c	https://zenodo.org/record/1466139/files/human-ZSCA4.h5?download=1
